step,loss
1,2.50435209274292
2,2.5360405445098877
3,2.523571014404297
4,2.5086796283721924
5,2.5343823432922363
6,2.548999309539795
7,2.5426573753356934
8,2.533085346221924
9,2.5390539169311523
10,2.543867349624634
11,2.518916130065918
12,2.513770818710327
13,2.55442476272583
14,2.5062460899353027
15,2.50020694732666
16,2.4936296939849854
17,2.513317584991455
18,2.510861396789551
19,2.507209539413452
20,2.5178961753845215
21,2.5123343467712402
22,2.525235652923584
23,2.5406196117401123
24,2.5084164142608643
25,2.5337698459625244
26,2.488619565963745
27,2.524796962738037
28,2.4975621700286865
29,2.53961181640625
30,2.4969358444213867
31,2.5151638984680176
32,2.512345790863037
33,2.5003983974456787
34,2.519657611846924
35,2.4914278984069824
36,2.4917404651641846
37,2.5157032012939453
38,2.515734910964966
39,2.503938674926758
40,2.4989113807678223
41,2.506870746612549
42,2.4821157455444336
43,2.5067310333251953
44,2.5070714950561523
45,2.5036492347717285
46,2.5017905235290527
47,2.5062685012817383
48,2.495314598083496
49,2.5200326442718506
50,2.5141677856445312
51,2.5018868446350098
52,2.488495349884033
53,2.4923481941223145
54,2.4958555698394775
55,2.482241630554199
56,2.4743685722351074
57,2.481153964996338
58,2.4739301204681396
59,2.4784703254699707
60,2.495389699935913
61,2.4738783836364746
62,2.4828405380249023
63,2.494142770767212
64,2.474912643432617
65,2.4871015548706055
66,2.4708619117736816
67,2.4706530570983887
68,2.4817512035369873
69,2.4787580966949463
70,2.4783318042755127
71,2.4660229682922363
72,2.4720375537872314
73,2.477083206176758
74,2.4846556186676025
75,2.4706108570098877
76,2.477083206176758
77,2.4841344356536865
78,2.4623756408691406
79,2.453137159347534
80,2.4717953205108643
81,2.4598968029022217
82,2.445370674133301
83,2.467440366744995
84,2.4666805267333984
85,2.448493242263794
86,2.4406721591949463
87,2.4745659828186035
88,2.459933280944824
89,2.4567227363586426
90,2.4594497680664062
91,2.4481759071350098
92,2.440430164337158
93,2.4400558471679688
94,2.471892833709717
95,2.4537343978881836
96,2.4743270874023438
97,2.4537343978881836
98,2.448002815246582
99,2.452153444290161
100,2.4451346397399902
101,2.4525060653686523
102,2.4467616081237793
103,2.435469627380371
104,2.4588828086853027
105,2.4624125957489014
106,2.4447131156921387
107,2.4581210613250732
108,2.4574685096740723
109,2.445889949798584
110,2.4339466094970703
111,2.462054967880249
112,2.4464526176452637
113,2.4599287509918213
114,2.450221300125122
115,2.458796262741089
116,2.4389572143554688
117,2.4544577598571777
118,2.4452764987945557
119,2.450810432434082
120,2.458719253540039
121,2.4406776428222656
122,2.4550514221191406
123,2.426084280014038
124,2.4502625465393066
125,2.452883243560791
126,2.4442954063415527
127,2.438169479370117
128,2.4503448009490967
129,2.4406206607818604
130,2.438127040863037
131,2.447209358215332
132,2.4573330879211426
133,2.448289394378662
134,2.454169273376465
135,2.4329779148101807
136,2.431516408920288
137,2.431516170501709
138,2.431091785430908
139,2.440248489379883
140,2.443108558654785
141,2.437892198562622
142,2.428650379180908
143,2.405672311782837
144,2.4335076808929443
145,2.4404637813568115
146,2.4237380027770996
147,2.4256842136383057
148,2.4339849948883057
149,2.434999704360962
150,2.430605888366699
151,2.413788080215454
152,2.431898355484009
153,2.428365707397461
154,2.416609287261963
155,2.41603946685791
156,2.4132113456726074
157,2.4215121269226074
158,2.420635938644409
159,2.429703712463379
160,2.3993566036224365
161,2.4270529747009277
162,2.438190460205078
163,2.411698341369629
164,2.4222307205200195
165,2.416567325592041
166,2.413435220718384
167,2.412533760070801
168,2.409104824066162
169,2.421078681945801
170,2.413503646850586
171,2.401125431060791
172,2.415949821472168
173,2.412675619125366
174,2.4160757064819336
175,2.424576997756958
176,2.423283815383911
177,2.3843507766723633
178,2.4100418090820312
179,2.401519298553467
180,2.4071836471557617
181,2.4020261764526367
182,2.3977859020233154
183,2.3973183631896973
184,2.390087604522705
185,2.3886120319366455
186,2.393040180206299
187,2.4082367420196533
188,2.4022796154022217
189,2.4109132289886475
190,2.3885746002197266
191,2.4245901107788086
192,2.4012668132781982
193,2.3994131088256836
194,2.4031319618225098
195,2.4025096893310547
196,2.423880100250244
197,2.4047751426696777
198,2.382863759994507
199,2.3816213607788086
200,2.393094301223755
201,2.4726614952087402
202,2.4579200744628906
203,2.4649596214294434
204,2.4516797065734863
205,2.466418504714966
206,2.460521936416626
207,2.4541685581207275
208,2.4552457332611084
209,2.465341329574585
210,2.47184157371521
211,2.474428176879883
212,2.448812484741211
213,2.4498648643493652
214,2.4521121978759766
215,2.4406774044036865
216,2.4476161003112793
217,2.459308624267578
218,2.455886125564575
219,2.468196392059326
220,2.445188045501709
221,2.4424610137939453
222,2.4463300704956055
223,2.4413580894470215
224,2.4533305168151855
225,2.431950092315674
226,2.447587251663208
227,2.441901206970215
228,2.4353291988372803
229,2.448685646057129
230,2.4498233795166016
231,2.4367215633392334
232,2.437141180038452
233,2.4314475059509277
234,2.428755283355713
235,2.4362261295318604
236,2.441223382949829
237,2.4229977130889893
238,2.447146415710449
239,2.419374704360962
240,2.4377691745758057
241,2.426917552947998
242,2.448669195175171
243,2.4583821296691895
244,2.4369983673095703
245,2.4296393394470215
246,2.4186434745788574
247,2.4315567016601562
248,2.4181346893310547
249,2.422168493270874
250,2.412788152694702
251,2.4230189323425293
252,2.3985838890075684
253,2.427685022354126
254,2.4330127239227295
255,2.413770914077759
256,2.4044082164764404
257,2.411721706390381
258,2.4138736724853516
259,2.444254159927368
260,2.423178195953369
261,2.4002130031585693
262,2.422668218612671
263,2.4082083702087402
264,2.4020798206329346
265,2.409963846206665
266,2.3948919773101807
267,2.3953826427459717
268,2.4000489711761475
269,2.3987314701080322
270,2.4030938148498535
271,2.4440033435821533
272,2.372615098953247
273,2.395129442214966
274,2.3828659057617188
275,2.3943588733673096
276,2.4076919555664062
277,2.3946774005889893
278,2.3808066844940186
279,2.371941089630127
280,2.3742117881774902
281,2.380113363265991
282,2.399202823638916
283,2.371408700942993
284,2.3923544883728027
285,2.374199628829956
286,2.3831892013549805
287,2.373812675476074
288,2.3518435955047607
289,2.3856492042541504
290,2.3584232330322266
291,2.4062089920043945
292,2.3730578422546387
293,2.356458902359009
294,2.3570613861083984
295,2.3752388954162598
296,2.375927209854126
297,2.386895179748535
298,2.405113935470581
299,2.3524460792541504
300,2.375598907470703
301,2.3810834884643555
302,2.366016149520874
303,2.3521525859832764
304,2.3722894191741943
305,2.3450582027435303
306,2.337691307067871
307,2.3715624809265137
308,2.37290096282959
309,2.3591833114624023
310,2.377322196960449
311,2.335482120513916
312,2.329496383666992
313,2.360297918319702
314,2.3611178398132324
315,2.368351697921753
316,2.3579812049865723
317,2.329545736312866
318,2.331022024154663
319,2.328967809677124
320,2.3660061359405518
321,2.349825143814087
322,2.3202197551727295
323,2.334275245666504
324,2.3466992378234863
325,2.3242297172546387
326,2.331782341003418
327,2.3256852626800537
328,2.362916946411133
329,2.354154586791992
330,2.3541383743286133
331,2.3213932514190674
332,2.3291029930114746
333,2.3506672382354736
334,2.300518274307251
335,2.3382089138031006
336,2.337409019470215
337,2.3431365489959717
338,2.3493425846099854
339,2.3446574211120605
340,2.335329055786133
341,2.316371440887451
342,2.312647819519043
343,2.3508682250976562
344,2.3332903385162354
345,2.335339307785034
346,2.3248672485351562
347,2.328505754470825
348,2.307694435119629
349,2.3376388549804688
350,2.3149688243865967
351,2.2932591438293457
352,2.362480640411377
353,2.3345298767089844
354,2.321181297302246
355,2.317972183227539
356,2.2984249591827393
357,2.2924506664276123
358,2.303284168243408
359,2.3045971393585205
360,2.2805042266845703
361,2.325141668319702
362,2.28706955909729
363,2.290665864944458
364,2.273047685623169
365,2.294482946395874
366,2.3222572803497314
367,2.337210178375244
368,2.2957851886749268
369,2.2937705516815186
370,2.314105987548828
371,2.292273998260498
372,2.289185047149658
373,2.319127082824707
374,2.2700555324554443
375,2.2912659645080566
376,2.3313045501708984
377,2.3725733757019043
378,2.343221664428711
379,2.2823679447174072
380,2.2626922130584717
381,2.319652795791626
382,2.290048599243164
383,2.3225462436676025
384,2.2804462909698486
385,2.3199591636657715
386,2.279184579849243
387,2.276843547821045
388,2.315735101699829
389,2.2476613521575928
390,2.2705016136169434
391,2.275299310684204
392,2.278681516647339
393,2.316943407058716
394,2.296949863433838
395,2.2488811016082764
396,2.311535596847534
397,2.2753427028656006
398,2.273728370666504
399,2.2486467361450195
400,2.263920545578003
401,2.437032461166382
402,2.4485929012298584
403,2.4827823638916016
404,2.463468313217163
405,2.4608607292175293
406,2.5225818157196045
407,2.4946682453155518
408,2.4855637550354004
409,2.4693400859832764
410,2.456015110015869
411,2.477430820465088
412,2.449080467224121
413,2.433637857437134
414,2.495889186859131
415,2.459315538406372
416,2.444453239440918
417,2.437209129333496
418,2.4738709926605225
419,2.4759483337402344
420,2.464390754699707
421,2.4561681747436523
422,2.4619669914245605
423,2.418288469314575
424,2.4653687477111816
425,2.4673068523406982
426,2.469848394393921
427,2.4655494689941406
428,2.414667844772339
429,2.459933280944824
430,2.4269094467163086
431,2.4355547428131104
432,2.481766700744629
433,2.425093650817871
434,2.4431278705596924
435,2.475127696990967
436,2.4202349185943604
437,2.4191691875457764
438,2.413351058959961
439,2.405813217163086
440,2.396890878677368
441,2.400794744491577
442,2.3764638900756836
443,2.4459805488586426
444,2.414083957672119
445,2.4148271083831787
446,2.3523519039154053
447,2.3939177989959717
448,2.3821053504943848
449,2.4004125595092773
450,2.4070773124694824
451,2.3885440826416016
452,2.3500630855560303
453,2.385835886001587
454,2.380551815032959
455,2.3718760013580322
456,2.3801324367523193
457,2.415048599243164
458,2.3396756649017334
459,2.369155168533325
460,2.3708841800689697
461,2.3644700050354004
462,2.386410713195801
463,2.3649802207946777
464,2.3430163860321045
465,2.332801580429077
466,2.350274085998535
467,2.378298044204712
468,2.3867387771606445
469,2.345485210418701
470,2.371098279953003
471,2.3717408180236816
472,2.372830629348755
473,2.316783905029297
474,2.3723866939544678
475,2.3606925010681152
476,2.3409173488616943
477,2.3259153366088867
478,2.4337785243988037
479,2.347781181335449
480,2.344022750854492
481,2.3199939727783203
482,2.3410725593566895
483,2.3882763385772705
484,2.360788106918335
485,2.3168444633483887
486,2.3523192405700684
487,2.353847026824951
488,2.306340456008911
489,2.325819730758667
490,2.2813515663146973
491,2.3183140754699707
492,2.3179197311401367
493,2.3708930015563965
494,2.3075149059295654
495,2.3403375148773193
496,2.286228895187378
497,2.3456478118896484
498,2.302605628967285
499,2.3227601051330566
500,2.2705376148223877
501,2.2569878101348877
502,2.2804605960845947
503,2.285442590713501
504,2.2560043334960938
505,2.3299267292022705
506,2.2461941242218018
507,2.3322255611419678
508,2.2859017848968506
509,2.298680543899536
510,2.318135976791382
511,2.295417070388794
512,2.2841053009033203
513,2.330409049987793
514,2.286760091781616
515,2.267040252685547
516,2.326392889022827
517,2.314410448074341
518,2.3155436515808105
519,2.254647970199585
520,2.289813756942749
521,2.2656326293945312
522,2.2831451892852783
523,2.305654525756836
524,2.362154722213745
525,2.3122780323028564
526,2.260014533996582
527,2.262646198272705
528,2.247932195663452
529,2.2949607372283936
530,2.233726978302002
531,2.2869064807891846
532,2.2471439838409424
533,2.2786827087402344
534,2.23386812210083
535,2.3195371627807617
536,2.2210025787353516
537,2.252735137939453
538,2.2241454124450684
539,2.2680439949035645
540,2.311037063598633
541,2.301274299621582
542,2.2256219387054443
543,2.227799892425537
544,2.2050516605377197
545,2.241508722305298
546,2.2316784858703613
547,2.2291014194488525
548,2.182046890258789
549,2.2370595932006836
550,2.2472176551818848
551,2.2604527473449707
552,2.3098442554473877
553,2.225691080093384
554,2.245577812194824
555,2.314737558364868
556,2.261145830154419
557,2.3054440021514893
558,2.2133407592773438
559,2.1792023181915283
560,2.297555685043335
561,2.2802634239196777
562,2.2605154514312744
563,2.224114418029785
564,2.260698080062866
565,2.239345073699951
566,2.1906204223632812
567,2.2842204570770264
568,2.225959062576294
569,2.213408946990967
570,2.2809417247772217
571,2.2048227787017822
572,2.17720103263855
573,2.1560654640197754
574,2.231825351715088
575,2.2549381256103516
576,2.235530138015747
577,2.198904037475586
578,2.252243995666504
579,2.190474271774292
580,2.204829216003418
581,2.2064056396484375
582,2.1945295333862305
583,2.166212558746338
584,2.1626136302948
585,2.2204606533050537
586,2.205451488494873
587,2.1876487731933594
588,2.2706024646759033
589,2.2412242889404297
590,2.249089241027832
591,2.1345374584198
592,2.2133853435516357
593,2.112917423248291
594,2.2494707107543945
595,2.294401168823242
596,2.2277419567108154
597,2.2092525959014893
598,2.237323760986328
599,2.2597029209136963
600,2.1915111541748047
601,2.4980416297912598
602,2.4996023178100586
603,2.515437602996826
604,2.466737985610962
605,2.4816713333129883
606,2.522651195526123
607,2.546281337738037
608,2.4407711029052734
609,2.524049758911133
610,2.514169216156006
611,2.468684673309326
612,2.4190640449523926
613,2.4752070903778076
614,2.4941539764404297
615,2.4280757904052734
616,2.4429712295532227
617,2.4632413387298584
618,2.4026637077331543
619,2.3938400745391846
620,2.401991128921509
621,2.4784927368164062
622,2.4235124588012695
623,2.414079427719116
624,2.4623401165008545
625,2.499674081802368
626,2.3972654342651367
627,2.433967351913452
628,2.447211742401123
629,2.3756744861602783
630,2.3990938663482666
631,2.3857789039611816
632,2.3675575256347656
633,2.3897905349731445
634,2.435354709625244
635,2.3770711421966553
636,2.3895277976989746
637,2.3099210262298584
638,2.444927930831909
639,2.3914637565612793
640,2.3538074493408203
641,2.3749606609344482
642,2.3204305171966553
643,2.361645221710205
644,2.3206663131713867
645,2.3535397052764893
646,2.3278870582580566
647,2.323435068130493
648,2.33852481842041
649,2.3931477069854736
650,2.3635950088500977
651,2.316423177719116
652,2.408331871032715
653,2.3256731033325195
654,2.344928503036499
655,2.3740029335021973
656,2.365983247756958
657,2.3334734439849854
658,2.311807155609131
659,2.3366777896881104
660,2.301915407180786
661,2.381714344024658
662,2.3564612865448
663,2.282097816467285
664,2.3415346145629883
665,2.307000160217285
666,2.2521398067474365
667,2.277571678161621
668,2.27082896232605
669,2.3377392292022705
670,2.261439800262451
671,2.2649948596954346
672,2.301771402359009
673,2.3072383403778076
674,2.321437120437622
675,2.304784059524536
676,2.2795000076293945
677,2.2664995193481445
678,2.2735652923583984
679,2.355330228805542
680,2.3357021808624268
681,2.264235019683838
682,2.302288770675659
683,2.2722253799438477
684,2.289543390274048
685,2.184044361114502
686,2.2981443405151367
687,2.290194511413574
688,2.277256488800049
689,2.218691825866699
690,2.210890054702759
691,2.347323417663574
692,2.275003433227539
693,2.3091092109680176
694,2.291053295135498
695,2.234098434448242
696,2.1978142261505127
697,2.305093765258789
698,2.3080081939697266
699,2.2368099689483643
700,2.2638466358184814
701,2.2077317237854004
702,2.271695613861084
703,2.2357497215270996
704,2.136626720428467
705,2.261503219604492
706,2.246161699295044
707,2.263235330581665
708,2.2302606105804443
709,2.241651773452759
710,2.225748062133789
711,2.195526599884033
712,2.186631679534912
713,2.236025333404541
714,2.28035044670105
715,2.243537187576294
716,2.2470946311950684
717,2.2502055168151855
718,2.297574043273926
719,2.1902170181274414
720,2.166118860244751
721,2.184546947479248
722,2.157292127609253
723,2.182124614715576
724,2.1901674270629883
725,2.182439088821411
726,2.1807448863983154
727,2.1762261390686035
728,2.2806057929992676
729,2.2242918014526367
730,2.1525022983551025
731,2.2506465911865234
732,2.3034491539001465
733,2.1981735229492188
734,2.203336238861084
735,2.2263011932373047
736,2.17352032661438
737,2.2056961059570312
738,2.2308247089385986
739,2.1051723957061768
740,2.133100748062134
741,2.1569485664367676
742,2.178691864013672
743,2.1887834072113037
744,2.205077886581421
745,2.158686399459839
746,2.222296953201294
747,2.1066243648529053
748,2.2227184772491455
749,2.2313408851623535
750,2.263000249862671
751,2.1540191173553467
752,2.193829298019409
753,2.130966901779175
754,2.1775026321411133
755,2.1767499446868896
756,2.1600000858306885
757,2.1916723251342773
758,2.248169183731079
759,2.1877336502075195
760,2.21059250831604
761,2.1847732067108154
762,2.168281316757202
763,2.159080743789673
764,2.168670177459717
765,2.148375988006592
766,2.1327757835388184
767,2.2769734859466553
768,2.1877856254577637
769,2.182119846343994
770,2.234300374984741
771,2.123528003692627
772,2.258474349975586
773,2.1942245960235596
774,2.263532876968384
775,2.1551365852355957
776,2.0959930419921875
777,2.185465097427368
778,2.15696382522583
779,2.1050331592559814
780,2.1919164657592773
781,2.17117977142334
782,2.2363898754119873
783,2.273601770401001
784,2.1407699584960938
785,2.1831047534942627
786,2.164475917816162
787,2.1290457248687744
788,2.128230094909668
789,2.1637134552001953
790,2.2135937213897705
791,2.2413575649261475
792,2.1566505432128906
793,2.2045092582702637
794,2.14878511428833
795,2.1203606128692627
796,2.1775104999542236
797,2.1930594444274902
798,2.060805320739746
799,2.145376682281494
800,2.211461305618286
801,2.4649085998535156
802,2.4603195190429688
803,2.478600263595581
804,2.435298442840576
805,2.497250556945801
806,2.458893299102783
807,2.4086389541625977
808,2.4373013973236084
809,2.4201085567474365
810,2.4620373249053955
811,2.445039987564087
812,2.4186012744903564
813,2.513035774230957
814,2.460238456726074
815,2.4385080337524414
816,2.4765772819519043
817,2.4374117851257324
818,2.42543888092041
819,2.4404213428497314
820,2.3406832218170166
821,2.401167869567871
822,2.3725171089172363
823,2.3855373859405518
824,2.3855834007263184
825,2.3788836002349854
826,2.413715124130249
827,2.396275520324707
828,2.3891947269439697
829,2.3307371139526367
830,2.372959613800049
831,2.373340606689453
832,2.3581595420837402
833,2.332176923751831
834,2.324171543121338
835,2.3501012325286865
836,2.3201723098754883
837,2.382866382598877
838,2.2829694747924805
839,2.2705483436584473
840,2.2598674297332764
841,2.2765471935272217
842,2.305278778076172
843,2.2275867462158203
844,2.2288944721221924
845,2.2759647369384766
846,2.345723867416382
847,2.2787864208221436
848,2.2721784114837646
849,2.285079002380371
850,2.2852489948272705
851,2.2437849044799805
852,2.2436556816101074
853,2.22861385345459
854,2.2743515968322754
855,2.2127246856689453
856,2.2748825550079346
857,2.168534755706787
858,2.2650420665740967
859,2.260713815689087
860,2.2042908668518066
861,2.2102582454681396
862,2.187178611755371
863,2.171842575073242
864,2.371917724609375
865,2.2035140991210938
866,2.1472408771514893
867,2.184122085571289
868,2.162372589111328
869,2.173783779144287
870,2.143569231033325
871,2.147040843963623
872,2.27512264251709
873,2.1910436153411865
874,2.1998565196990967
875,2.137925386428833
876,2.185105562210083
877,2.2583394050598145
878,2.192507266998291
879,2.2361130714416504
880,2.134337902069092
881,2.1162478923797607
882,2.1586697101593018
883,2.155263662338257
884,2.109877824783325
885,2.1625359058380127
886,2.114278793334961
887,2.2073352336883545
888,2.2228851318359375
889,2.1796212196350098
890,2.1337473392486572
891,2.248242139816284
892,2.1804802417755127
893,2.133981704711914
894,2.200770378112793
895,2.1660804748535156
896,2.146087408065796
897,2.1673848628997803
898,2.1978495121002197
899,2.192208766937256
900,2.131922721862793
901,2.2093758583068848
902,2.1778035163879395
903,2.1910080909729004
904,2.151622772216797
905,2.111163854598999
906,2.2523679733276367
907,2.1346333026885986
908,2.198704242706299
909,2.158203363418579
910,2.150911331176758
911,2.245574712753296
912,2.17708158493042
913,2.239025354385376
914,2.1320884227752686
915,2.1533892154693604
916,2.1950926780700684
917,2.1852402687072754
918,2.1738507747650146
919,2.149043560028076
920,2.163486957550049
921,2.1180739402770996
922,2.204331398010254
923,2.1945035457611084
924,2.19057297706604
925,2.1295125484466553
926,2.0773208141326904
927,2.049834966659546
928,2.04892897605896
929,2.2058866024017334
930,2.1882524490356445
931,2.1488564014434814
932,2.2045092582702637
933,2.1463000774383545
934,2.22200345993042
935,2.0666630268096924
936,2.1998167037963867
937,2.1481637954711914
938,2.0967583656311035
939,2.1638312339782715
940,2.1321911811828613
941,2.0505480766296387
942,2.21901798248291
943,2.144432544708252
944,2.1338441371917725
945,2.1872191429138184
946,2.0254478454589844
947,2.178788185119629
948,2.211639881134033
949,2.160858154296875
950,2.2530863285064697
951,2.0998375415802
952,2.2117838859558105
953,2.0560553073883057
954,2.2098135948181152
955,2.1118321418762207
956,2.121046543121338
957,2.2737836837768555
958,2.0905606746673584
959,2.151888132095337
960,2.186551570892334
961,2.0906271934509277
962,2.1124777793884277
963,2.2636125087738037
964,2.098879814147949
965,2.1722264289855957
966,2.0929105281829834
967,2.219486713409424
968,2.1617703437805176
969,2.211261034011841
970,2.1639211177825928
971,2.115581512451172
972,2.1347861289978027
973,2.2155046463012695
974,2.3034493923187256
975,2.276543378829956
976,2.208284616470337
977,2.1524882316589355
978,2.2926642894744873
979,2.1659109592437744
980,2.1568503379821777
981,2.1272788047790527
982,2.1692090034484863
983,2.0589253902435303
984,2.1066997051239014
985,2.036578893661499
986,2.159773111343384
987,2.102475881576538
988,2.1876163482666016
989,2.1949307918548584
990,2.087068557739258
991,2.1264729499816895
992,2.098041296005249
993,2.068816900253296
994,2.1218934059143066
995,2.228799343109131
996,2.2276804447174072
997,2.0902206897735596
998,2.181727886199951
999,2.1105306148529053
1000,2.054936647415161
1001,2.4347457885742188
1002,2.435915231704712
1003,2.5357778072357178
1004,2.416529655456543
1005,2.5013115406036377
1006,2.4787683486938477
1007,2.4058279991149902
1008,2.346101760864258
1009,2.452767848968506
1010,2.493539333343506
1011,2.423572540283203
1012,2.4180803298950195
1013,2.4146454334259033
1014,2.414222478866577
1015,2.4278738498687744
1016,2.4098825454711914
1017,2.423492908477783
1018,2.3819756507873535
1019,2.358008861541748
1020,2.463662624359131
1021,2.425755739212036
1022,2.402310848236084
1023,2.397639036178589
1024,2.383869171142578
1025,2.329470157623291
1026,2.355846405029297
1027,2.2931973934173584
1028,2.2770533561706543
1029,2.312817096710205
1030,2.2844109535217285
1031,2.320887327194214
1032,2.306243896484375
1033,2.2932803630828857
1034,2.2701213359832764
1035,2.289473295211792
1036,2.2928948402404785
1037,2.26993989944458
1038,2.2480342388153076
1039,2.2213191986083984
1040,2.2646069526672363
1041,2.252941131591797
1042,2.2736072540283203
1043,2.256347417831421
1044,2.216578245162964
1045,2.1842613220214844
1046,2.218764305114746
1047,2.2541375160217285
1048,2.210970401763916
1049,2.262662887573242
1050,2.26456356048584
1051,2.1427481174468994
1052,2.1893885135650635
1053,2.196903705596924
1054,2.125046968460083
1055,2.1574721336364746
1056,2.2070155143737793
1057,2.326281785964966
1058,2.221376657485962
1059,2.1863348484039307
1060,2.2718849182128906
1061,2.2086706161499023
1062,2.126641273498535
1063,2.1966328620910645
1064,2.1093385219573975
1065,2.184022903442383
1066,2.2005648612976074
1067,2.193481206893921
1068,2.2812020778656006
1069,2.185102939605713
1070,2.243028402328491
1071,2.1051907539367676
1072,2.140390634536743
1073,2.1866142749786377
1074,2.1114137172698975
1075,2.1419646739959717
1076,2.254488468170166
1077,2.198119640350342
1078,2.1876749992370605
1079,2.159240245819092
1080,2.132747173309326
1081,2.231484889984131
1082,2.160705089569092
1083,2.160705804824829
1084,2.179283857345581
1085,2.1833279132843018
1086,2.209075689315796
1087,2.0845465660095215
1088,2.2245874404907227
1089,2.1855077743530273
1090,2.1564314365386963
1091,2.084717035293579
1092,2.17069149017334
1093,2.1922318935394287
1094,2.228013515472412
1095,2.0635974407196045
1096,2.105929374694824
1097,2.1469602584838867
1098,2.146796464920044
1099,2.0904598236083984
1100,2.1232528686523438
1101,2.246537208557129
1102,2.162158489227295
1103,2.1249940395355225
1104,2.2222962379455566
1105,2.167807102203369
1106,2.1407816410064697
1107,2.3013205528259277
1108,2.2896711826324463
1109,2.07076096534729
1110,2.1642940044403076
1111,2.056250810623169
1112,2.167505979537964
1113,2.184414863586426
1114,2.0854787826538086
1115,2.0984630584716797
1116,2.150580644607544
1117,2.223510265350342
1118,2.312166213989258
1119,2.0522055625915527
1120,2.179896593093872
1121,2.1957833766937256
1122,2.249692916870117
1123,1.98532235622406
1124,2.228804111480713
1125,2.1175432205200195
1126,2.023216724395752
1127,2.2573893070220947
1128,2.1810314655303955
1129,2.1389310359954834
1130,2.1570515632629395
1131,2.1338860988616943
1132,2.17482590675354
1133,2.1609764099121094
1134,2.1663405895233154
1135,2.18715500831604
1136,2.246722936630249
1137,2.1381449699401855
1138,2.2309842109680176
1139,2.1417078971862793
1140,2.0806844234466553
1141,2.137310028076172
1142,2.1307742595672607
1143,2.0371921062469482
1144,2.150153636932373
1145,2.166426658630371
1146,2.1427485942840576
1147,2.1538949012756348
1148,2.0972533226013184
1149,2.085000514984131
1150,2.1116466522216797
1151,2.158046007156372
1152,2.153351306915283
1153,2.068956136703491
1154,2.147569179534912
1155,2.154568910598755
1156,2.0894694328308105
1157,2.203294515609741
1158,2.167263984680176
1159,2.2223706245422363
1160,2.2459983825683594
1161,2.0880420207977295
1162,2.091188669204712
1163,2.1652672290802
1164,2.151670455932617
1165,2.1274476051330566
1166,2.0755186080932617
1167,2.187978744506836
1168,2.170804262161255
1169,2.1207659244537354
1170,2.088115930557251
1171,2.161834955215454
1172,2.109379529953003
1173,2.126347303390503
1174,2.1958584785461426
1175,2.194868803024292
1176,2.16178035736084
1177,2.0468051433563232
1178,2.29111385345459
1179,2.1047630310058594
1180,2.1590914726257324
1181,2.2242116928100586
1182,2.0858235359191895
1183,2.174294948577881
1184,2.1405792236328125
1185,2.1109259128570557
1186,2.262237548828125
1187,2.1758038997650146
1188,2.2992756366729736
1189,2.191080093383789
1190,2.2419111728668213
1191,2.208742141723633
1192,2.117281675338745
1193,2.150290012359619
1194,2.1363682746887207
1195,2.205606460571289
1196,2.157343864440918
1197,2.1219229698181152
1198,2.0644383430480957
1199,2.0413734912872314
1200,2.149939775466919
1201,2.4462859630584717
1202,2.4041128158569336
1203,2.4821102619171143
1204,2.4190797805786133
1205,2.4046356678009033
1206,2.404980182647705
1207,2.4160549640655518
1208,2.386720895767212
1209,2.4132096767425537
1210,2.328568458557129
1211,2.342027425765991
1212,2.340824842453003
1213,2.383263349533081
1214,2.3829970359802246
1215,2.342461347579956
1216,2.3309597969055176
1217,2.302532911300659
1218,2.3152761459350586
1219,2.3404312133789062
1220,2.299504041671753
1221,2.29489803314209
1222,2.358067274093628
1223,2.3560101985931396
1224,2.3097646236419678
1225,2.3000104427337646
1226,2.2640867233276367
1227,2.250519275665283
1228,2.339921712875366
1229,2.3425822257995605
1230,2.260138511657715
1231,2.2044811248779297
1232,2.3063905239105225
1233,2.230665683746338
1234,2.2106056213378906
1235,2.2628681659698486
1236,2.2421786785125732
1237,2.1702184677124023
1238,2.215928792953491
1239,2.1740150451660156
1240,2.1827611923217773
1241,2.1316134929656982
1242,2.1647071838378906
1243,2.196732759475708
1244,2.2197558879852295
1245,2.1968531608581543
1246,2.1606695652008057
1247,2.248985767364502
1248,2.1369760036468506
1249,2.2091593742370605
1250,2.205979108810425
1251,2.1918649673461914
1252,2.1999399662017822
1253,2.073620319366455
1254,2.2168619632720947
1255,2.124995708465576
1256,2.127401828765869
1257,2.1658926010131836
1258,2.2971699237823486
1259,2.1156845092773438
1260,2.1534156799316406
1261,2.1550726890563965
1262,2.0617103576660156
1263,2.1835484504699707
1264,2.058072566986084
1265,2.170095443725586
1266,2.1786892414093018
1267,2.111563205718994
1268,2.2598934173583984
1269,2.146719217300415
1270,2.1441707611083984
1271,2.0734965801239014
1272,2.1467368602752686
1273,2.0660836696624756
1274,2.230550527572632
1275,2.1508264541625977
1276,2.1788291931152344
1277,2.1387128829956055
1278,2.1487081050872803
1279,2.2238755226135254
1280,2.1315202713012695
1281,2.043246269226074
1282,2.0688767433166504
1283,2.207960844039917
1284,2.1058928966522217
1285,2.113192558288574
1286,2.059779167175293
1287,2.2198243141174316
1288,2.2072839736938477
1289,2.2253668308258057
1290,2.101113796234131
1291,2.164682626724243
1292,2.2098324298858643
1293,2.1228010654449463
1294,2.185776710510254
1295,2.204022169113159
1296,2.1672353744506836
1297,2.25571346282959
1298,2.1171793937683105
1299,2.1986732482910156
1300,2.324521780014038
1301,2.189470052719116
1302,2.041832208633423
1303,2.1354634761810303
1304,2.2179317474365234
1305,2.141481876373291
1306,2.3538379669189453
1307,2.037552833557129
1308,2.0698142051696777
1309,2.0844950675964355
1310,2.128854513168335
1311,2.087801456451416
1312,2.04097318649292
1313,2.1813290119171143
1314,2.137345314025879
1315,2.1857872009277344
1316,2.1841530799865723
1317,2.2212624549865723
1318,2.1190106868743896
1319,2.137209177017212
1320,2.072781562805176
1321,2.152705430984497
1322,2.0983262062072754
1323,2.162343978881836
1324,2.185743808746338
1325,2.279995918273926
1326,2.0493478775024414
1327,2.19482159614563
1328,2.188673734664917
1329,2.086388349533081
1330,2.1819629669189453
1331,2.18247652053833
1332,2.1424407958984375
1333,2.160665988922119
1334,2.211787462234497
1335,2.141483783721924
1336,2.052647113800049
1337,2.0785934925079346
1338,2.011798858642578
1339,2.1386072635650635
1340,2.1650447845458984
1341,2.1011815071105957
1342,2.1573538780212402
1343,2.0991580486297607
1344,2.1058688163757324
1345,2.167612075805664
1346,2.118185043334961
1347,2.206923723220825
1348,2.0401723384857178
1349,2.174088478088379
1350,2.0416715145111084
1351,2.2410550117492676
1352,2.0678341388702393
1353,2.1031768321990967
1354,2.1410768032073975
1355,2.071536064147949
1356,2.1867620944976807
1357,2.1346449851989746
1358,2.248593330383301
1359,2.0325889587402344
1360,2.2239842414855957
1361,2.3027071952819824
1362,2.1249959468841553
1363,2.1617493629455566
1364,2.2182977199554443
1365,2.090974807739258
1366,2.1550116539001465
1367,2.0705442428588867
1368,2.10471248626709
1369,2.2307288646698
1370,2.290297746658325
1371,2.164281129837036
1372,2.0911026000976562
1373,2.1799118518829346
1374,2.202202796936035
1375,2.095217227935791
1376,2.1089000701904297
1377,2.0427615642547607
1378,2.1824135780334473
1379,2.272653818130493
1380,2.0229415893554688
1381,2.2930755615234375
1382,2.1625890731811523
1383,2.1843886375427246
1384,2.223992347717285
1385,2.1179959774017334
1386,2.153752088546753
1387,2.234403610229492
1388,2.2128360271453857
1389,2.173617124557495
1390,2.0787742137908936
1391,2.1858582496643066
1392,2.1804394721984863
1393,2.1407573223114014
1394,2.092729091644287
1395,2.1033382415771484
1396,2.1002933979034424
1397,2.0089664459228516
1398,2.071033239364624
1399,2.1517837047576904
1400,2.1545677185058594
1401,2.451176643371582
1402,2.4577505588531494
1403,2.386629819869995
1404,2.4246151447296143
1405,2.4451351165771484
1406,2.3623456954956055
1407,2.399448871612549
1408,2.4368343353271484
1409,2.436276435852051
1410,2.371342182159424
1411,2.3610801696777344
1412,2.308480739593506
1413,2.359861135482788
1414,2.399710178375244
1415,2.3172388076782227
1416,2.30672025680542
1417,2.3174586296081543
1418,2.403151035308838
1419,2.3375329971313477
1420,2.247920274734497
1421,2.3048362731933594
1422,2.2953641414642334
1423,2.2979378700256348
1424,2.265880584716797
1425,2.318040370941162
1426,2.1712777614593506
1427,2.2390666007995605
1428,2.1954996585845947
1429,2.247729778289795
1430,2.2687501907348633
1431,2.1523633003234863
1432,2.2014098167419434
1433,2.096342086791992
1434,2.143277883529663
1435,2.1295056343078613
1436,2.1889843940734863
1437,2.14815616607666
1438,2.2091786861419678
1439,2.177079677581787
1440,2.2953948974609375
1441,2.1422274112701416
1442,2.206725835800171
1443,2.2495522499084473
1444,2.182297706604004
1445,2.149294853210449
1446,2.2067928314208984
1447,2.225642442703247
1448,2.24908447265625
1449,2.2023396492004395
1450,2.243037700653076
1451,2.1801486015319824
1452,2.284572124481201
1453,2.193621873855591
1454,2.2763373851776123
1455,2.1723432540893555
1456,2.2923600673675537
1457,2.147331953048706
1458,2.2221932411193848
1459,2.0860114097595215
1460,2.166064500808716
1461,2.043849468231201
1462,2.1860320568084717
1463,2.134398937225342
1464,2.153423547744751
1465,2.117650032043457
1466,2.1419177055358887
1467,2.166686534881592
1468,2.211542844772339
1469,2.092738628387451
1470,2.167776107788086
1471,2.1894125938415527
1472,2.167334794998169
1473,2.1194663047790527
1474,2.192896604537964
1475,2.214507579803467
1476,2.249852180480957
1477,2.187748432159424
1478,2.0162103176116943
1479,2.1610186100006104
1480,2.127868890762329
1481,2.3006958961486816
1482,2.108107328414917
1483,2.087857961654663
1484,2.0456175804138184
1485,2.1217730045318604
1486,2.2241997718811035
1487,2.2410571575164795
1488,2.190253496170044
1489,2.2635486125946045
1490,2.160947799682617
1491,2.1165361404418945
1492,2.1785054206848145
1493,2.0883541107177734
1494,2.2278120517730713
1495,2.2273218631744385
1496,2.169189453125
1497,2.174239158630371
1498,2.1396756172180176
1499,2.2444515228271484
1500,2.1818020343780518
1501,2.151474714279175
1502,2.140974998474121
1503,2.2041759490966797
1504,2.372346878051758
1505,2.036652088165283
1506,2.162658929824829
1507,2.2107901573181152
1508,2.101102828979492
1509,2.058161497116089
1510,2.214289665222168
1511,2.1116111278533936
1512,2.2554845809936523
1513,2.061081886291504
1514,2.316307544708252
1515,2.0945606231689453
1516,2.0467700958251953
1517,2.0822620391845703
1518,2.175147533416748
1519,2.107196092605591
1520,2.1557185649871826
1521,2.18041729927063
1522,2.028327226638794
1523,2.1907858848571777
1524,2.102905035018921
1525,2.1801555156707764
1526,2.310271739959717
1527,2.167174816131592
1528,2.1749844551086426
1529,2.2150096893310547
1530,2.1768686771392822
1531,2.164303779602051
1532,2.217410087585449
1533,2.2613186836242676
1534,2.116074323654175
1535,2.028097629547119
1536,2.161923885345459
1537,2.1512367725372314
1538,2.193786859512329
1539,2.1636862754821777
1540,2.132383346557617
1541,2.035379648208618
1542,2.1169092655181885
1543,2.1971676349639893
1544,2.155792474746704
1545,2.1888506412506104
1546,2.1463184356689453
1547,2.0888359546661377
1548,2.2415566444396973
1549,2.146144151687622
1550,2.1357433795928955
1551,2.109623432159424
1552,2.2098283767700195
1553,2.0818405151367188
1554,2.1045875549316406
1555,2.227665424346924
1556,2.0341856479644775
1557,2.1917824745178223
1558,2.0299580097198486
1559,2.1926846504211426
1560,2.1060914993286133
1561,2.1940972805023193
1562,2.1106061935424805
1563,2.174960136413574
1564,2.157501220703125
1565,2.194631338119507
1566,2.200589179992676
1567,2.0622079372406006
1568,2.1032450199127197
1569,2.2751245498657227
1570,2.161703586578369
1571,2.0969247817993164
1572,2.1287779808044434
1573,2.080432653427124
1574,2.121227502822876
1575,2.136232376098633
1576,2.169245719909668
1577,2.113220453262329
1578,2.163268566131592
1579,2.228353977203369
1580,2.1814677715301514
1581,2.1872498989105225
1582,2.2632856369018555
1583,2.1467361450195312
1584,2.0704312324523926
1585,2.1435294151306152
1586,2.1603503227233887
1587,2.2454679012298584
1588,2.1601572036743164
1589,2.036189317703247
1590,2.191879987716675
1591,2.169318437576294
1592,2.189588785171509
1593,2.1385364532470703
1594,2.1129226684570312
1595,2.0812056064605713
1596,2.111067295074463
1597,2.1133151054382324
1598,2.155439615249634
1599,2.0937061309814453
1600,2.242401123046875
1601,2.3795368671417236
1602,2.4043731689453125
1603,2.4156558513641357
1604,2.398256301879883
1605,2.400527238845825
1606,2.3473691940307617
1607,2.3900797367095947
1608,2.2848236560821533
1609,2.311107635498047
1610,2.3559412956237793
1611,2.324741840362549
1612,2.3056509494781494
1613,2.3266119956970215
1614,2.324366331100464
1615,2.3002889156341553
1616,2.2710843086242676
1617,2.327700138092041
1618,2.277590751647949
1619,2.2779381275177
1620,2.2606375217437744
1621,2.2495203018188477
1622,2.233539342880249
1623,2.2106540203094482
1624,2.2547178268432617
1625,2.3436808586120605
1626,2.2832210063934326
1627,2.1511154174804688
1628,2.2358455657958984
1629,2.1918115615844727
1630,2.21700119972229
1631,2.1785337924957275
1632,2.2084364891052246
1633,2.19718599319458
1634,2.1301515102386475
1635,2.172325849533081
1636,2.223141670227051
1637,2.2189526557922363
1638,2.1871755123138428
1639,2.112912178039551
1640,2.230548620223999
1641,2.204214096069336
1642,2.1213643550872803
1643,2.163477659225464
1644,2.1732776165008545
1645,2.151050567626953
1646,2.157719135284424
1647,2.155552864074707
1648,2.150660276412964
1649,2.190906286239624
1650,2.128688335418701
1651,2.1974868774414062
1652,2.1478183269500732
1653,2.2572927474975586
1654,2.2228105068206787
1655,2.2481260299682617
1656,2.106285333633423
1657,2.0676252841949463
1658,2.147357702255249
1659,2.1214027404785156
1660,2.1601648330688477
1661,2.1123831272125244
1662,2.0751092433929443
1663,2.1285226345062256
1664,2.235297679901123
1665,2.1587657928466797
1666,2.168590545654297
1667,2.1533398628234863
1668,2.107236623764038
1669,2.0386576652526855
1670,2.2067532539367676
1671,2.0947470664978027
1672,2.1518325805664062
1673,2.0983099937438965
1674,2.0601108074188232
1675,2.1980435848236084
1676,2.098168134689331
1677,2.221219778060913
1678,2.1611168384552
1679,2.167161703109741
1680,2.143589496612549
1681,2.194967269897461
1682,2.2782492637634277
1683,2.176823854446411
1684,2.0465660095214844
1685,2.1370322704315186
1686,2.1530814170837402
1687,2.140230894088745
1688,2.1648144721984863
1689,2.088498592376709
1690,2.0806682109832764
1691,2.1511008739471436
1692,2.182936191558838
1693,2.09971022605896
1694,2.139939546585083
1695,2.1724002361297607
1696,2.2794482707977295
1697,2.1974945068359375
1698,2.1559510231018066
1699,2.0554301738739014
1700,2.1085095405578613
1701,2.073596477508545
1702,2.0951037406921387
1703,2.151045322418213
1704,2.2380759716033936
1705,2.2318811416625977
1706,2.166567325592041
1707,2.0864009857177734
1708,2.0936505794525146
1709,2.1140594482421875
1710,2.1457982063293457
1711,2.1053290367126465
1712,2.268977403640747
1713,2.023995876312256
1714,2.158883810043335
1715,2.148165702819824
1716,2.177072286605835
1717,2.144916296005249
1718,2.092583656311035
1719,2.3006930351257324
1720,2.062068462371826
1721,2.259596347808838
1722,2.0961105823516846
1723,2.209848403930664
1724,2.1344034671783447
1725,2.2226295471191406
1726,2.115560293197632
1727,2.080353021621704
1728,2.121171712875366
1729,2.145310640335083
1730,2.2787961959838867
1731,2.1201000213623047
1732,2.07112455368042
1733,2.1298508644104004
1734,2.1808996200561523
1735,2.187568187713623
1736,2.140068769454956
1737,2.1863627433776855
1738,2.2282283306121826
1739,2.2634730339050293
1740,2.1464970111846924
1741,2.1213574409484863
1742,2.1039679050445557
1743,2.1602141857147217
1744,2.0962443351745605
1745,2.26938533782959
1746,2.199878454208374
1747,2.183750629425049
1748,2.063997745513916
1749,2.084439516067505
1750,2.095066785812378
1751,2.1039512157440186
1752,2.211078405380249
1753,2.0654892921447754
1754,2.1999316215515137
1755,2.1254489421844482
1756,2.1793570518493652
1757,2.109013319015503
1758,2.161604166030884
1759,2.224652051925659
1760,2.0631203651428223
1761,2.155271053314209
1762,2.0926012992858887
1763,2.1553001403808594
1764,2.106764316558838
1765,2.190314531326294
1766,2.148420810699463
1767,2.126518487930298
1768,2.1549603939056396
1769,2.165832996368408
1770,2.192011833190918
1771,2.272524833679199
1772,2.152843952178955
1773,2.0744683742523193
1774,2.1085078716278076
1775,2.1220173835754395
1776,2.239229679107666
1777,2.056952953338623
1778,2.0651888847351074
1779,2.2046728134155273
1780,2.087836980819702
1781,2.1799654960632324
1782,2.1124331951141357
1783,2.229952096939087
1784,2.175705909729004
1785,2.1709609031677246
1786,2.1971981525421143
1787,2.153785228729248
1788,2.1691365242004395
1789,2.0285470485687256
1790,2.288046360015869
1791,2.125903606414795
1792,2.2196426391601562
1793,2.2862815856933594
1794,2.070809841156006
1795,2.2300310134887695
1796,2.1906380653381348
1797,2.0797979831695557
1798,2.356438398361206
1799,2.1520514488220215
1800,2.0656087398529053
1801,2.365508556365967
1802,2.3698549270629883
1803,2.3656418323516846
1804,2.405261993408203
1805,2.342867612838745
1806,2.3765130043029785
1807,2.363865613937378
1808,2.3201043605804443
1809,2.319319486618042
1810,2.3205485343933105
1811,2.337435007095337
1812,2.283045768737793
1813,2.279916763305664
1814,2.287546157836914
1815,2.2026121616363525
1816,2.3112905025482178
1817,2.3232879638671875
1818,2.252333164215088
1819,2.2343223094940186
1820,2.3073532581329346
1821,2.265171527862549
1822,2.2395334243774414
1823,2.2097959518432617
1824,2.2430171966552734
1825,2.265634536743164
1826,2.100905656814575
1827,2.2806718349456787
1828,2.2447967529296875
1829,2.1614737510681152
1830,2.142002820968628
1831,2.128851890563965
1832,2.147556781768799
1833,2.220506191253662
1834,2.215008497238159
1835,2.18760347366333
1836,2.181353807449341
1837,2.250603437423706
1838,2.145442485809326
1839,2.160935401916504
1840,2.095160722732544
1841,2.1302380561828613
1842,2.102714776992798
1843,2.129615306854248
1844,2.2520275115966797
1845,2.2562508583068848
1846,2.181318998336792
1847,2.126483678817749
1848,2.120279312133789
1849,2.1498608589172363
1850,2.194086790084839
1851,2.1821787357330322
1852,2.1516270637512207
1853,2.1060423851013184
1854,2.132915496826172
1855,2.1125245094299316
1856,2.014939069747925
1857,2.1465749740600586
1858,2.1768665313720703
1859,2.2379980087280273
1860,2.189030885696411
1861,2.2177231311798096
1862,2.2367711067199707
1863,2.0716123580932617
1864,2.1546599864959717
1865,2.1324527263641357
1866,2.204843521118164
1867,2.131772041320801
1868,2.0993247032165527
1869,2.1816020011901855
1870,2.0974559783935547
1871,2.0753231048583984
1872,2.1594741344451904
1873,2.1908786296844482
1874,2.199751138687134
1875,2.1499037742614746
1876,2.1084935665130615
1877,2.192471981048584
1878,2.1845011711120605
1879,2.2022311687469482
1880,2.099611282348633
1881,2.0759966373443604
1882,2.0634725093841553
1883,2.215593099594116
1884,2.157414197921753
1885,2.210498571395874
1886,2.082859992980957
1887,2.1419811248779297
1888,2.094158411026001
1889,1.9970167875289917
1890,2.164604902267456
1891,2.0694119930267334
1892,2.2005231380462646
1893,2.0780117511749268
1894,2.0542848110198975
1895,2.1170380115509033
1896,2.151703119277954
1897,2.1109230518341064
1898,2.215009927749634
1899,2.227071523666382
1900,2.149174451828003
1901,2.1401729583740234
1902,2.125361204147339
1903,2.0690648555755615
1904,2.228323459625244
1905,2.291660785675049
1906,2.0193164348602295
1907,2.303635597229004
1908,2.154982328414917
1909,2.1662633419036865
1910,2.175082206726074
1911,2.1121737957000732
1912,2.140315532684326
1913,2.0943946838378906
1914,2.187228202819824
1915,2.191756010055542
1916,2.0593695640563965
1917,2.126291275024414
1918,2.1244897842407227
1919,2.206088066101074
1920,2.213047742843628
1921,2.247426986694336
1922,2.191734552383423
1923,2.050316572189331
1924,2.150470018386841
1925,2.116894483566284
1926,2.2305185794830322
1927,2.1720516681671143
1928,2.138345956802368
1929,2.100131034851074
1930,2.212623119354248
1931,1.9718776941299438
1932,2.189385414123535
1933,2.067342519760132
1934,2.2443764209747314
1935,2.1397502422332764
1936,2.008111000061035
1937,2.1085660457611084
1938,2.2582297325134277
1939,2.131075382232666
1940,2.122749090194702
1941,2.298537015914917
1942,2.0784730911254883
1943,2.0540151596069336
1944,2.191359043121338
1945,2.152334690093994
1946,2.063324451446533
1947,2.148543119430542
1948,2.08691143989563
1949,2.127389430999756
1950,2.054349899291992
1951,2.1069982051849365
1952,2.2274680137634277
1953,2.0726912021636963
1954,2.123319625854492
1955,2.050788402557373
1956,2.156296730041504
1957,2.1641428470611572
1958,2.033135175704956
1959,2.173827886581421
1960,2.283064842224121
1961,2.2237091064453125
1962,2.056015968322754
1963,2.285569906234741
1964,2.143815279006958
1965,2.1563100814819336
1966,2.1412649154663086
1967,2.1226823329925537
1968,2.271932601928711
1969,1.9341635704040527
1970,2.196108818054199
1971,2.114621162414551
1972,2.1586034297943115
1973,2.3022072315216064
1974,2.1556525230407715
1975,2.084298610687256
1976,2.151201009750366
1977,2.1338536739349365
1978,2.1227469444274902
1979,2.1261186599731445
1980,2.0794644355773926
1981,2.195927619934082
1982,2.185059070587158
1983,2.1254515647888184
1984,2.1930975914001465
1985,2.2275664806365967
1986,2.243668794631958
1987,2.1765847206115723
1988,2.1840624809265137
1989,2.1648409366607666
1990,2.2847251892089844
1991,2.167621374130249
1992,2.063812017440796
1993,2.115490436553955
1994,2.2600691318511963
1995,2.2487926483154297
1996,2.173626184463501
1997,2.1350512504577637
1998,2.151309013366699
1999,2.109489679336548
2000,2.2861897945404053
2001,2.3710362911224365
2002,2.3389976024627686
2003,2.3891563415527344
2004,2.2908034324645996
2005,2.3073854446411133
2006,2.3427491188049316
2007,2.3177642822265625
2008,2.2599236965179443
2009,2.282197952270508
2010,2.3670644760131836
2011,2.295138359069824
2012,2.343736171722412
2013,2.2396066188812256
2014,2.1636648178100586
2015,2.2897191047668457
2016,2.374708652496338
2017,2.2608580589294434
2018,2.2756762504577637
2019,2.190169334411621
2020,2.2515273094177246
2021,2.234332323074341
2022,2.192812919616699
2023,2.1559813022613525
2024,2.224731922149658
2025,2.195296049118042
2026,2.263169765472412
2027,2.2298545837402344
2028,2.2066094875335693
2029,2.2147765159606934
2030,2.1655123233795166
2031,2.147495746612549
2032,2.115013599395752
2033,2.180506706237793
2034,2.0938165187835693
2035,2.1567983627319336
2036,2.1857900619506836
2037,2.218036651611328
2038,2.104377269744873
2039,2.1267318725585938
2040,2.1595771312713623
2041,2.2029647827148438
2042,2.125556707382202
2043,2.2822184562683105
2044,2.0919740200042725
2045,2.2132954597473145
2046,2.1443517208099365
2047,2.0653185844421387
2048,2.0894227027893066
2049,2.153193473815918
2050,2.180114984512329
2051,2.072434186935425
2052,2.0965609550476074
2053,2.120253562927246
2054,2.167473316192627
2055,2.2042579650878906
2056,2.1097586154937744
2057,2.0924317836761475
2058,2.216700315475464
2059,2.1990718841552734
2060,2.1805124282836914
2061,2.102548837661743
2062,2.088446855545044
2063,2.1459741592407227
2064,2.156902551651001
2065,2.0558013916015625
2066,2.134455442428589
2067,2.1196365356445312
2068,2.1375765800476074
2069,2.3369646072387695
2070,2.2226908206939697
2071,2.067514181137085
2072,2.1012344360351562
2073,2.080770254135132
2074,2.117568254470825
2075,2.1618423461914062
2076,2.217392683029175
2077,2.01735258102417
2078,2.221677541732788
2079,2.252579689025879
2080,2.1297740936279297
2081,2.189967632293701
2082,2.11067795753479
2083,2.03358793258667
2084,2.165489673614502
2085,2.1561174392700195
2086,2.148951530456543
2087,2.152369499206543
2088,2.118238925933838
2089,2.043149709701538
2090,2.1505634784698486
2091,2.169360637664795
2092,2.1538474559783936
2093,2.204251527786255
2094,2.116812229156494
2095,2.1278491020202637
2096,2.143744468688965
2097,2.248056173324585
2098,2.221146821975708
2099,2.0604496002197266
2100,1.971002221107483
2101,2.2436766624450684
2102,2.055551767349243
2103,2.0656051635742188
2104,2.176025152206421
2105,2.1129636764526367
2106,2.1461310386657715
2107,2.088095188140869
2108,2.0904266834259033
2109,2.1408910751342773
2110,2.1100313663482666
2111,2.126138925552368
2112,2.2158234119415283
2113,2.2500388622283936
2114,2.100843906402588
2115,2.0723161697387695
2116,2.2123184204101562
2117,2.100227117538452
2118,2.271993637084961
2119,2.1156232357025146
2120,2.1829707622528076
2121,2.118021249771118
2122,2.180907726287842
2123,2.12522554397583
2124,2.1701104640960693
2125,2.1128759384155273
2126,2.2703347206115723
2127,2.1700615882873535
2128,2.1804471015930176
2129,2.262133836746216
2130,2.196828842163086
2131,2.1607394218444824
2132,2.0520784854888916
2133,2.1923296451568604
2134,2.164149284362793
2135,2.123677968978882
2136,2.2157227993011475
2137,2.2799196243286133
2138,2.131305456161499
2139,2.0765888690948486
2140,2.170064687728882
2141,2.15812087059021
2142,2.231081485748291
2143,2.119492769241333
2144,2.0916478633880615
2145,2.2452147006988525
2146,2.1867988109588623
2147,2.0434696674346924
2148,2.1467018127441406
2149,2.1592822074890137
2150,2.0813074111938477
2151,2.0850212574005127
2152,2.1796751022338867
2153,2.175391674041748
2154,2.1774144172668457
2155,2.1445629596710205
2156,2.195838451385498
2157,2.2594263553619385
2158,2.168543815612793
2159,2.125
2160,2.1322832107543945
2161,2.2379751205444336
2162,2.0982532501220703
2163,2.2205095291137695
2164,2.19439697265625
2165,2.1403651237487793
2166,2.1134684085845947
2167,1.9785091876983643
2168,2.2424213886260986
2169,2.1331231594085693
2170,2.128330945968628
2171,2.176586627960205
2172,2.08720064163208
2173,2.0896172523498535
2174,2.222735643386841
2175,2.1636343002319336
2176,2.2487831115722656
2177,2.1574151515960693
2178,2.004380226135254
2179,2.1796064376831055
2180,2.0758142471313477
2181,2.1568455696105957
2182,2.0751075744628906
2183,2.2003579139709473
2184,2.0989203453063965
2185,2.110698938369751
2186,2.180495262145996
2187,2.1400251388549805
2188,2.183682918548584
2189,2.0987203121185303
2190,2.2314529418945312
2191,2.101895332336426
2192,2.12707781791687
2193,2.0925254821777344
2194,2.120715856552124
2195,2.2587649822235107
2196,2.2072207927703857
2197,2.115762710571289
2198,2.108039379119873
2199,2.2209925651550293
2200,2.085824489593506
2201,2.3201804161071777
2202,2.426361560821533
2203,2.3443169593811035
2204,2.3770902156829834
2205,2.345747947692871
2206,2.393092632293701
2207,2.334927558898926
2208,2.326843500137329
2209,2.3058414459228516
2210,2.27217435836792
2211,2.2214767932891846
2212,2.2365002632141113
2213,2.294548273086548
2214,2.1989731788635254
2215,2.162353038787842
2216,2.1809120178222656
2217,2.1489906311035156
2218,2.2626564502716064
2219,2.1631357669830322
2220,2.1805238723754883
2221,2.1144468784332275
2222,2.194875955581665
2223,2.235386371612549
2224,2.180908679962158
2225,2.084526777267456
2226,2.193620204925537
2227,2.0927608013153076
2228,2.1598846912384033
2229,2.0276193618774414
2230,2.1843583583831787
2231,2.1535449028015137
2232,2.14935302734375
2233,2.090620517730713
2234,2.2480385303497314
2235,2.1035079956054688
2236,2.1460721492767334
2237,2.261826753616333
2238,2.0349032878875732
2239,2.181572198867798
2240,2.1176676750183105
2241,2.141523838043213
2242,2.1268234252929688
2243,2.229661226272583
2244,2.1303353309631348
2245,2.2096238136291504
2246,2.0868301391601562
2247,2.1626226902008057
2248,2.1082937717437744
2249,2.2063567638397217
2250,2.192863941192627
2251,2.2222635746002197
2252,2.2160091400146484
2253,2.12362003326416
2254,2.0125415325164795
2255,2.0548131465911865
2256,2.3263914585113525
2257,2.1027653217315674
2258,2.1856534481048584
2259,2.1199958324432373
2260,2.123234987258911
2261,2.217028856277466
2262,2.1511168479919434
2263,2.1208834648132324
2264,2.252736806869507
2265,2.056405782699585
2266,2.1509552001953125
2267,2.044079065322876
2268,2.1656861305236816
2269,2.179729700088501
2270,2.247920513153076
2271,2.082204818725586
2272,2.2293777465820312
2273,2.1279489994049072
2274,2.1965768337249756
2275,2.180112600326538
2276,2.150778293609619
2277,2.1521852016448975
2278,2.2027101516723633
2279,2.13515305519104
2280,2.150650978088379
2281,2.197253942489624
2282,2.081055164337158
2283,2.1238951683044434
2284,2.294182300567627
2285,2.163191080093384
2286,2.0907740592956543
2287,2.1969406604766846
2288,2.222834825515747
2289,2.206852912902832
2290,2.1541826725006104
2291,2.118912696838379
2292,2.152385711669922
2293,2.239436388015747
2294,2.191638946533203
2295,2.221137523651123
2296,2.176851272583008
2297,2.155850648880005
2298,2.149576425552368
2299,2.0875086784362793
2300,2.183218240737915
2301,2.1768381595611572
2302,2.1429128646850586
2303,2.1497867107391357
2304,2.091552734375
2305,2.1758766174316406
2306,2.1151883602142334
2307,2.2707338333129883
2308,2.1227073669433594
2309,2.0516016483306885
2310,2.181042194366455
2311,2.0997893810272217
2312,2.1879351139068604
2313,2.1484625339508057
2314,2.1954967975616455
2315,2.1187736988067627
2316,2.0993988513946533
2317,2.1399338245391846
2318,2.158275604248047
2319,2.165675640106201
2320,2.117328643798828
2321,2.1660170555114746
2322,2.3006341457366943
2323,2.2465133666992188
2324,2.1989142894744873
2325,2.118070125579834
2326,2.0525052547454834
2327,2.00639009475708
2328,2.214548110961914
2329,2.2742085456848145
2330,2.103440523147583
2331,2.1418423652648926
2332,2.2031280994415283
2333,2.165419578552246
2334,2.1016201972961426
2335,2.119425058364868
2336,2.1429710388183594
2337,2.027055025100708
2338,2.3180384635925293
2339,2.1062259674072266
2340,2.2312276363372803
2341,2.188502788543701
2342,2.105452060699463
2343,2.07088041305542
2344,2.313836097717285
2345,2.1904735565185547
2346,1.99110746383667
2347,2.179933547973633
2348,2.0528252124786377
2349,2.055135488510132
2350,2.1112680435180664
2351,2.1480445861816406
2352,2.042900323867798
2353,2.198322057723999
2354,2.181575298309326
2355,2.100311756134033
2356,2.0420031547546387
2357,2.147097587585449
2358,2.1715211868286133
2359,2.0878407955169678
2360,2.141852855682373
2361,2.172908067703247
2362,2.206997871398926
2363,2.077573299407959
2364,2.141782760620117
2365,2.0514657497406006
2366,2.1423590183258057
2367,2.057936906814575
2368,2.0122411251068115
2369,2.077397108078003
2370,2.138425588607788
2371,2.0025267601013184
2372,1.984617829322815
2373,2.1309502124786377
2374,2.1755635738372803
2375,2.140868902206421
2376,2.0714097023010254
2377,2.1389801502227783
2378,2.3963866233825684
2379,2.1325156688690186
2380,2.0898520946502686
2381,2.103222608566284
2382,2.063467264175415
2383,2.0566935539245605
2384,2.16713285446167
2385,2.1391701698303223
2386,2.163900375366211
2387,2.1855244636535645
2388,2.1457760334014893
2389,2.1177141666412354
2390,2.1445059776306152
2391,2.0467801094055176
2392,2.053021192550659
2393,2.262732744216919
2394,2.1424529552459717
2395,2.2390551567077637
2396,2.0685863494873047
2397,2.1756834983825684
2398,2.2238168716430664
2399,2.0944952964782715
2400,2.176194906234741
2401,2.3577959537506104
2402,2.301299810409546
2403,2.3638625144958496
2404,2.276184320449829
2405,2.242130756378174
2406,2.256307601928711
2407,2.2823410034179688
2408,2.2722747325897217
2409,2.3455886840820312
2410,2.3330979347229004
2411,2.2883386611938477
2412,2.278569459915161
2413,2.3380532264709473
2414,2.235900402069092
2415,2.2186388969421387
2416,2.1652166843414307
2417,2.2497878074645996
2418,2.2593376636505127
2419,2.2574777603149414
2420,2.262997627258301
2421,2.2369651794433594
2422,2.19643235206604
2423,2.153235912322998
2424,2.179910898208618
2425,2.1174087524414062
2426,2.1305665969848633
2427,2.1425814628601074
2428,2.222881555557251
2429,2.1381399631500244
2430,2.142548084259033
2431,2.182676076889038
2432,2.1165621280670166
2433,2.1830012798309326
2434,2.232245683670044
2435,2.147918939590454
2436,2.182644844055176
2437,2.226346969604492
2438,2.04868221282959
2439,2.194425344467163
2440,2.139040470123291
2441,2.0310840606689453
2442,2.0525200366973877
2443,2.0608456134796143
2444,2.1781811714172363
2445,2.1221261024475098
2446,2.1681549549102783
2447,2.0813512802124023
2448,2.1435232162475586
2449,2.1708481311798096
2450,2.0447144508361816
2451,2.2264935970306396
2452,2.030292510986328
2453,2.110074043273926
2454,2.0599162578582764
2455,2.052274227142334
2456,2.165487766265869
2457,2.1462607383728027
2458,2.046130657196045
2459,2.2195377349853516
2460,2.2724201679229736
2461,2.1949303150177
2462,2.212769031524658
2463,2.026791572570801
2464,2.162959575653076
2465,2.113199234008789
2466,2.225999355316162
2467,2.1059834957122803
2468,2.107024908065796
2469,2.10245418548584
2470,2.149492025375366
2471,2.149653673171997
2472,2.1831154823303223
2473,2.0117123126983643
2474,2.0771822929382324
2475,2.2030446529388428
2476,2.10599684715271
2477,2.204157590866089
2478,2.1689422130584717
2479,2.064969539642334
2480,2.1316611766815186
2481,2.1300556659698486
2482,2.1794211864471436
2483,2.1982080936431885
2484,2.107365608215332
2485,2.198037624359131
2486,2.1876492500305176
2487,2.11777925491333
2488,2.220064401626587
2489,2.1089935302734375
2490,2.1443145275115967
2491,2.116419792175293
2492,2.119833469390869
2493,2.1634087562561035
2494,2.202413558959961
2495,2.1919679641723633
2496,2.0949041843414307
2497,2.157632827758789
2498,2.176220417022705
2499,2.158517837524414
2500,2.079961061477661
2501,2.1789348125457764
2502,2.0705273151397705
2503,2.2376036643981934
2504,2.115781545639038
2505,2.1846282482147217
2506,2.119091033935547
2507,2.1715354919433594
2508,2.1246466636657715
2509,2.167393445968628
2510,2.043412208557129
2511,2.078449010848999
2512,2.1714911460876465
2513,2.1427297592163086
2514,2.1028690338134766
2515,2.2772092819213867
2516,2.0517184734344482
2517,2.3027806282043457
2518,2.2052674293518066
2519,2.2077386379241943
2520,2.0869898796081543
2521,2.149411201477051
2522,2.151785135269165
2523,2.1711313724517822
2524,2.069240093231201
2525,2.1611135005950928
2526,2.1413190364837646
2527,2.1846044063568115
2528,2.0082688331604004
2529,2.2598965167999268
2530,2.130133628845215
2531,2.1313507556915283
2532,2.102173089981079
2533,2.052480697631836
2534,2.2004120349884033
2535,2.0726585388183594
2536,2.1098666191101074
2537,2.1214520931243896
2538,2.1703414916992188
2539,2.1174476146698
2540,2.1980504989624023
2541,2.0266172885894775
2542,2.30831241607666
2543,2.026304006576538
2544,2.2599050998687744
2545,2.2260794639587402
2546,2.1405160427093506
2547,2.2549657821655273
2548,2.19510817527771
2549,2.0901172161102295
2550,2.132328510284424
2551,2.106539249420166
2552,2.114081621170044
2553,2.12833309173584
2554,2.145962715148926
2555,2.0993924140930176
2556,2.20041561126709
2557,2.207076072692871
2558,2.1454474925994873
2559,2.2921743392944336
2560,2.1317615509033203
2561,2.1894333362579346
2562,2.01954984664917
2563,2.0811219215393066
2564,2.193547487258911
2565,2.172966480255127
2566,2.080557346343994
2567,2.064908266067505
2568,2.0843617916107178
2569,2.065474033355713
2570,2.1602518558502197
2571,2.1038870811462402
2572,2.1288156509399414
2573,2.2127208709716797
2574,2.1950857639312744
2575,2.2333083152770996
2576,2.1150128841400146
2577,2.10093092918396
2578,2.123563528060913
2579,2.1957242488861084
2580,2.210503339767456
2581,2.093708038330078
2582,2.027204990386963
2583,2.1748695373535156
2584,2.0719199180603027
2585,2.1589183807373047
2586,2.1106295585632324
2587,2.193600654602051
2588,2.2036449909210205
2589,2.1479790210723877
2590,2.0900378227233887
2591,2.1509227752685547
2592,2.151681900024414
2593,2.1952290534973145
2594,2.253896713256836
2595,2.1096127033233643
2596,2.193697214126587
2597,2.0133166313171387
2598,2.1906533241271973
2599,2.0402679443359375
2600,2.13249135017395
2601,2.24042010307312
2602,2.2416577339172363
2603,2.2984116077423096
2604,2.354834794998169
2605,2.262733221054077
2606,2.4521660804748535
2607,2.266615152359009
2608,2.2842154502868652
2609,2.2964539527893066
2610,2.2603251934051514
2611,2.2233047485351562
2612,2.195422649383545
2613,2.200275182723999
2614,2.2243854999542236
2615,2.1920833587646484
2616,2.2307286262512207
2617,2.3227429389953613
2618,2.244163990020752
2619,2.194209098815918
2620,2.142704486846924
2621,2.140183925628662
2622,2.2670793533325195
2623,2.330674648284912
2624,2.231584072113037
2625,2.2075679302215576
2626,2.206505060195923
2627,2.1348562240600586
2628,2.131769895553589
2629,2.18951416015625
2630,2.1280767917633057
2631,2.143357276916504
2632,2.1516916751861572
2633,2.194488763809204
2634,2.162835121154785
2635,2.149142026901245
2636,2.1912827491760254
2637,2.209932565689087
2638,2.095494031906128
2639,2.2600245475769043
2640,2.0215697288513184
2641,2.252614736557007
2642,2.135540246963501
2643,2.190408229827881
2644,2.334716558456421
2645,2.1232962608337402
2646,2.2511987686157227
2647,1.9965019226074219
2648,2.170177698135376
2649,2.035735845565796
2650,2.200547456741333
2651,2.195850133895874
2652,2.176945924758911
2653,2.1575915813446045
2654,2.1189064979553223
2655,2.060746431350708
2656,2.0982909202575684
2657,2.2572860717773438
2658,2.2054269313812256
2659,2.147449016571045
2660,2.1675639152526855
2661,2.1190872192382812
2662,2.0095512866973877
2663,2.0400843620300293
2664,2.1000349521636963
2665,2.18436598777771
2666,2.1363043785095215
2667,2.2253451347351074
2668,2.0992956161499023
2669,2.259786605834961
2670,2.099823236465454
2671,2.1985585689544678
2672,2.2997896671295166
2673,2.0669665336608887
2674,2.049639940261841
2675,2.2625536918640137
2676,2.1451570987701416
2677,2.14272141456604
2678,2.009117364883423
2679,2.0655291080474854
2680,2.1733603477478027
2681,2.1366963386535645
2682,2.149787664413452
2683,2.2172436714172363
2684,2.213702440261841
2685,2.16862154006958
2686,2.2885327339172363
2687,2.037738084793091
2688,2.124795913696289
2689,2.102210760116577
2690,2.267951726913452
2691,2.1051459312438965
2692,2.2959182262420654
2693,2.3054633140563965
2694,2.12678599357605
2695,2.110440969467163
2696,2.16615891456604
2697,2.1123974323272705
2698,2.1608028411865234
2699,2.2488343715667725
2700,2.138382911682129
2701,2.1610946655273438
2702,2.1734414100646973
2703,2.158294677734375
2704,2.217771530151367
2705,2.101562023162842
2706,2.1771697998046875
2707,2.1242177486419678
2708,2.2078332901000977
2709,2.230602979660034
2710,2.2425527572631836
2711,2.205775260925293
2712,2.1175050735473633
2713,2.1529006958007812
2714,2.1714935302734375
2715,2.130910873413086
2716,2.099186897277832
2717,2.2351155281066895
2718,2.112837553024292
2719,2.0973355770111084
2720,2.1026930809020996
2721,2.2699103355407715
2722,2.0882692337036133
2723,2.2964394092559814
2724,2.2440037727355957
2725,2.2013468742370605
2726,2.2082226276397705
2727,2.1471145153045654
2728,2.1986048221588135
2729,2.0769951343536377
2730,2.160820722579956
2731,2.0813069343566895
2732,2.077282667160034
2733,2.2053487300872803
2734,2.1207828521728516
2735,2.125011444091797
2736,2.0762879848480225
2737,2.1123313903808594
2738,2.069310188293457
2739,2.1751108169555664
2740,2.003063201904297
2741,2.0603113174438477
2742,2.3090128898620605
2743,2.27677059173584
2744,2.073171615600586
2745,2.1550207138061523
2746,2.2760987281799316
2747,2.097228527069092
2748,2.1688005924224854
2749,2.1100165843963623
2750,2.0003652572631836
2751,2.231513500213623
2752,2.1351406574249268
2753,2.0810461044311523
2754,2.1104795932769775
2755,2.0647008419036865
2756,2.1722724437713623
2757,2.3158552646636963
2758,2.1237902641296387
2759,2.2110157012939453
2760,2.233011484146118
2761,2.059624433517456
2762,2.236354351043701
2763,2.12276554107666
2764,2.1852402687072754
2765,2.033169984817505
2766,2.1038389205932617
2767,2.1925761699676514
2768,2.227062225341797
2769,2.0649983882904053
2770,2.0579211711883545
2771,2.0894367694854736
2772,2.0842480659484863
2773,2.1512060165405273
2774,2.0847623348236084
2775,2.175691843032837
2776,2.0817067623138428
2777,2.1058287620544434
2778,2.210292100906372
2779,2.3241405487060547
2780,2.085577964782715
2781,2.160283088684082
2782,2.051703453063965
2783,2.112348794937134
2784,1.9937224388122559
2785,2.1144001483917236
2786,2.31058931350708
2787,2.1229171752929688
2788,2.129892349243164
2789,2.1751675605773926
2790,2.0746662616729736
2791,2.032970905303955
2792,2.142988443374634
2793,2.140758752822876
2794,2.0941617488861084
2795,2.26535701751709
2796,2.218747138977051
2797,2.1207213401794434
2798,2.1099605560302734
2799,2.0924503803253174
2800,2.0671231746673584
2801,2.341092586517334
2802,2.240781307220459
2803,2.351323127746582
2804,2.267545700073242
2805,2.3463754653930664
2806,2.244722366333008
2807,2.2217304706573486
2808,2.266232490539551
2809,2.332411766052246
2810,2.2903029918670654
2811,2.248610496520996
2812,2.2255570888519287
2813,2.3196749687194824
2814,2.2504677772521973
2815,2.302936553955078
2816,2.1530022621154785
2817,2.1025304794311523
2818,2.1512651443481445
2819,2.1829283237457275
2820,2.1734437942504883
2821,2.2017667293548584
2822,2.1240198612213135
2823,2.273616075515747
2824,2.153566598892212
2825,2.223808765411377
2826,2.2374496459960938
2827,2.0415825843811035
2828,2.209996461868286
2829,2.1211671829223633
2830,2.27402663230896
2831,2.1515274047851562
2832,2.1791465282440186
2833,2.141724109649658
2834,2.111818790435791
2835,2.2569775581359863
2836,2.0098400115966797
2837,2.1747708320617676
2838,2.1905391216278076
2839,2.1035478115081787
2840,2.134141683578491
2841,2.23752498626709
2842,2.108494520187378
2843,1.9984805583953857
2844,2.1970577239990234
2845,2.019563674926758
2846,2.134773015975952
2847,2.0658719539642334
2848,2.250680923461914
2849,2.173306941986084
2850,2.2089428901672363
2851,2.210122585296631
2852,2.2123446464538574
2853,2.186162233352661
2854,2.101534128189087
2855,2.163233757019043
2856,2.168039321899414
2857,2.1031718254089355
2858,2.075443744659424
2859,2.1719231605529785
2860,2.117091417312622
2861,2.1369471549987793
2862,2.146941900253296
2863,2.268705368041992
2864,2.118584394454956
2865,2.077103853225708
2866,2.1501002311706543
2867,2.129471778869629
2868,2.119399309158325
2869,2.0734875202178955
2870,2.1465303897857666
2871,2.164551019668579
2872,2.15586519241333
2873,2.2005395889282227
2874,2.1385722160339355
2875,2.184969186782837
2876,2.25587797164917
2877,2.1633083820343018
2878,2.1627790927886963
2879,2.2425780296325684
2880,2.1549675464630127
2881,2.1233086585998535
2882,2.32523512840271
2883,2.220303535461426
2884,2.23128342628479
2885,2.143380880355835
2886,2.1427223682403564
2887,2.176910877227783
2888,2.163806438446045
2889,2.0930511951446533
2890,2.1883087158203125
2891,1.9990142583847046
2892,2.2174203395843506
2893,2.1930503845214844
2894,2.231391429901123
2895,2.151792049407959
2896,2.155879497528076
2897,2.237656354904175
2898,2.1603572368621826
2899,2.1618905067443848
2900,2.101294994354248
2901,2.204169511795044
2902,2.1269514560699463
2903,2.064648389816284
2904,2.08048677444458
2905,2.1900458335876465
2906,2.0802457332611084
2907,2.1766393184661865
2908,2.32147216796875
2909,2.0591373443603516
2910,2.0925469398498535
2911,2.199493408203125
2912,2.2336537837982178
2913,2.1931076049804688
2914,2.1920645236968994
2915,2.154587745666504
2916,2.1200790405273438
2917,2.188398599624634
2918,2.027064561843872
2919,2.2335870265960693
2920,2.029998540878296
2921,2.2207398414611816
2922,2.142089605331421
2923,2.237210512161255
2924,2.0103936195373535
2925,2.1590240001678467
2926,2.1989893913269043
2927,2.169981002807617
2928,2.2198195457458496
2929,2.1900107860565186
2930,2.2082128524780273
2931,2.1594371795654297
2932,2.0995469093322754
2933,2.1222941875457764
2934,2.155822277069092
2935,2.0121684074401855
2936,2.163620710372925
2937,2.0279524326324463
2938,2.1134254932403564
2939,2.1844675540924072
2940,2.108823776245117
2941,2.1463286876678467
2942,2.126941204071045
2943,2.084282636642456
2944,2.1921377182006836
2945,2.106241226196289
2946,2.194883346557617
2947,2.148874282836914
2948,2.142799139022827
2949,2.1244266033172607
2950,2.2214293479919434
2951,2.3129539489746094
2952,2.2189605236053467
2953,2.083123207092285
2954,2.262941598892212
2955,2.0997698307037354
2956,2.3428566455841064
2957,2.1911134719848633
2958,2.065525531768799
2959,2.244093656539917
2960,2.060778856277466
2961,2.115175724029541
2962,2.102275848388672
2963,2.214277982711792
2964,2.2110323905944824
2965,2.2190663814544678
2966,2.186521053314209
2967,2.046617269515991
2968,2.105252742767334
2969,2.2471442222595215
2970,2.197256565093994
2971,2.059959650039673
2972,2.1181459426879883
2973,2.210603713989258
2974,2.20272159576416
2975,2.0405666828155518
2976,2.131176471710205
2977,2.0989348888397217
2978,2.069323778152466
2979,2.1457011699676514
2980,2.1515893936157227
2981,2.1351025104522705
2982,2.2104196548461914
2983,2.075809955596924
2984,2.0916707515716553
2985,2.0815610885620117
2986,2.1951212882995605
2987,2.018176317214966
2988,2.1591403484344482
2989,2.122331380844116
2990,2.0779356956481934
2991,2.176036834716797
2992,2.142789602279663
2993,2.189955472946167
2994,2.0836334228515625
2995,2.2736153602600098
2996,2.20200514793396
2997,2.2131290435791016
2998,2.1092782020568848
2999,2.1670281887054443
3000,2.1681618690490723
3001,2.20977783203125
3002,2.263059377670288
3003,2.3124465942382812
3004,2.2899386882781982
3005,2.3330111503601074
3006,2.220132827758789
3007,2.2187743186950684
3008,2.2465782165527344
3009,2.203683376312256
3010,2.096165895462036
3011,2.1668460369110107
3012,2.2193603515625
3013,2.228492259979248
3014,2.0838170051574707
3015,2.192847490310669
3016,2.282170534133911
3017,2.146121025085449
3018,2.2764716148376465
3019,2.146552085876465
3020,2.163139581680298
3021,2.179084539413452
3022,2.277618646621704
3023,2.1467535495758057
3024,2.0778751373291016
3025,2.1265408992767334
3026,2.1804258823394775
3027,2.0827088356018066
3028,2.091221809387207
3029,2.2548913955688477
3030,2.2214622497558594
3031,2.246978998184204
3032,2.258267402648926
3033,2.2096030712127686
3034,2.1528239250183105
3035,2.2272422313690186
3036,2.007354259490967
3037,2.0407371520996094
3038,2.1506502628326416
3039,2.4462146759033203
3040,2.080411434173584
3041,2.1103577613830566
3042,2.1149704456329346
3043,2.261284351348877
3044,2.1782498359680176
3045,2.215035915374756
3046,2.1856801509857178
3047,2.1971564292907715
3048,2.283402681350708
3049,2.1984658241271973
3050,2.239259719848633
3051,2.029846668243408
3052,2.0315473079681396
3053,2.1518540382385254
3054,2.1168696880340576
3055,2.2044241428375244
3056,2.125922679901123
3057,2.2599234580993652
3058,2.2121238708496094
3059,2.1887636184692383
3060,2.1454694271087646
3061,2.3117716312408447
3062,2.0233683586120605
3063,2.1375114917755127
3064,2.2227790355682373
3065,2.136993646621704
3066,2.2042386531829834
3067,2.1160755157470703
3068,2.1068356037139893
3069,2.1441850662231445
3070,2.1298904418945312
3071,2.0522634983062744
3072,2.1781017780303955
3073,2.1876370906829834
3074,2.043301582336426
3075,2.037475824356079
3076,2.2157773971557617
3077,2.2376880645751953
3078,2.0690512657165527
3079,2.1614527702331543
3080,2.0223655700683594
3081,2.0317869186401367
3082,2.1004908084869385
3083,2.1268794536590576
3084,2.2001657485961914
3085,2.2399330139160156
3086,2.200803279876709
3087,2.2234139442443848
3088,2.1803722381591797
3089,2.2766833305358887
3090,2.1233716011047363
3091,2.07956862449646
3092,2.076723575592041
3093,2.132476806640625
3094,2.116252899169922
3095,2.208655595779419
3096,2.095064163208008
3097,2.1201484203338623
3098,2.072094202041626
3099,2.263911485671997
3100,2.1850085258483887
3101,2.102525234222412
3102,2.098618745803833
3103,2.096437692642212
3104,2.1929125785827637
3105,2.1652066707611084
3106,2.312349319458008
3107,2.199211597442627
3108,2.135639190673828
3109,2.134019613265991
3110,2.0435962677001953
3111,2.230355739593506
3112,2.309305429458618
3113,2.120983839035034
3114,2.2351245880126953
3115,2.1648006439208984
3116,2.108792781829834
3117,2.0755600929260254
3118,2.1437902450561523
3119,2.236567258834839
3120,2.0649778842926025
3121,2.10097599029541
3122,2.1779236793518066
3123,2.036247968673706
3124,2.0864107608795166
3125,2.090256929397583
3126,2.1407132148742676
3127,2.1700007915496826
3128,2.0641872882843018
3129,2.1705052852630615
3130,2.1414098739624023
3131,2.1795501708984375
3132,2.0756943225860596
3133,2.1359000205993652
3134,2.050384998321533
3135,2.0552220344543457
3136,2.288682222366333
3137,2.077014207839966
3138,2.32680606842041
3139,2.103177547454834
3140,2.1469924449920654
3141,2.10433292388916
3142,2.1721391677856445
3143,2.214921236038208
3144,2.106069326400757
3145,2.2533557415008545
3146,2.0182008743286133
3147,2.1528258323669434
3148,2.058257579803467
3149,2.230349540710449
3150,2.054527759552002
3151,2.130671501159668
3152,2.2972562313079834
3153,2.1704258918762207
3154,2.163879156112671
3155,2.3329453468322754
3156,2.3513576984405518
3157,2.1632933616638184
3158,2.1204612255096436
3159,2.192023992538452
3160,2.104217052459717
3161,2.1608786582946777
3162,2.2571301460266113
3163,2.1165261268615723
3164,2.3286330699920654
3165,2.1319713592529297
3166,2.061565637588501
3167,2.196866035461426
3168,2.111138343811035
3169,2.1409010887145996
3170,2.216627836227417
3171,2.1932780742645264
3172,2.2125813961029053
3173,2.073387622833252
3174,2.1542506217956543
3175,2.196410894393921
3176,2.1838276386260986
3177,2.2352418899536133
3178,2.273341178894043
3179,2.19000506401062
3180,2.14147686958313
3181,2.1836814880371094
3182,2.1694631576538086
3183,2.1804873943328857
3184,2.054279088973999
3185,2.1058309078216553
3186,2.091496229171753
3187,2.2663564682006836
3188,1.9945547580718994
3189,2.1588099002838135
3190,2.099700927734375
3191,2.206437587738037
3192,2.1496829986572266
3193,2.1242268085479736
3194,2.1013197898864746
3195,2.22562837600708
3196,2.089449405670166
3197,2.191498279571533
3198,2.232534408569336
3199,2.1110832691192627
3200,2.055211305618286
3201,2.343695878982544
3202,2.373990058898926
3203,2.2630627155303955
3204,2.2519302368164062
3205,2.3648171424865723
3206,2.3101346492767334
3207,2.318676233291626
3208,2.1590092182159424
3209,2.2509241104125977
3210,2.337362289428711
3211,2.1996841430664062
3212,2.249079465866089
3213,2.1865501403808594
3214,2.2286624908447266
3215,2.1792306900024414
3216,2.1866626739501953
3217,2.1994237899780273
3218,2.136526346206665
3219,2.1540093421936035
3220,2.1792612075805664
3221,2.182513952255249
3222,2.1428418159484863
3223,2.1781697273254395
3224,2.2047839164733887
3225,2.121450901031494
3226,2.2101242542266846
3227,2.225937843322754
3228,2.1524710655212402
3229,2.0409603118896484
3230,2.192561626434326
3231,2.1441597938537598
3232,2.1422886848449707
3233,1.9675296545028687
3234,2.2273480892181396
3235,2.1315417289733887
3236,2.0563628673553467
3237,2.038590431213379
3238,2.184299945831299
3239,2.2404844760894775
3240,2.1858649253845215
3241,2.226365327835083
3242,2.177340030670166
3243,2.152177572250366
3244,2.236583948135376
3245,2.127452850341797
3246,2.1983489990234375
3247,2.1379714012145996
3248,2.1670758724212646
3249,1.9797217845916748
3250,2.0336337089538574
3251,2.093095064163208
3252,2.0378787517547607
3253,2.0554378032684326
3254,2.109215259552002
3255,2.0654313564300537
3256,2.2081351280212402
3257,2.198406934738159
3258,2.093104839324951
3259,2.1402394771575928
3260,2.2577850818634033
3261,2.102031946182251
3262,2.1934540271759033
3263,2.118953227996826
3264,2.250922203063965
3265,2.26100492477417
3266,2.2996230125427246
3267,2.1404569149017334
3268,2.103745937347412
3269,2.2155158519744873
3270,2.119729518890381
3271,2.139101028442383
3272,2.041996955871582
3273,2.2116811275482178
3274,2.220089912414551
3275,2.1570911407470703
3276,2.1692214012145996
3277,2.218583345413208
3278,2.0820364952087402
3279,2.0480997562408447
3280,2.258888006210327
3281,2.2409393787384033
3282,2.061115264892578
3283,2.0717711448669434
3284,2.171560764312744
3285,2.1357834339141846
3286,2.072532892227173
3287,2.0431246757507324
3288,1.968595027923584
3289,2.2279603481292725
3290,2.2686798572540283
3291,2.259556531906128
3292,2.0904500484466553
3293,2.1695637702941895
3294,2.183764934539795
3295,2.0683658123016357
3296,2.039921522140503
3297,2.207441568374634
3298,2.2143771648406982
3299,2.1822822093963623
3300,2.1138641834259033
3301,2.2706847190856934
3302,2.2378664016723633
3303,2.2717032432556152
3304,2.1887552738189697
3305,2.066838264465332
3306,2.162777900695801
3307,2.334947109222412
3308,2.192753553390503
3309,2.3373215198516846
3310,2.0456149578094482
3311,2.1289143562316895
3312,2.0868546962738037
3313,2.115673542022705
3314,2.156193733215332
3315,2.092482805252075
3316,2.2892374992370605
3317,2.206146717071533
3318,2.028912305831909
3319,2.2914061546325684
3320,2.3304896354675293
3321,2.304363489151001
3322,2.1160855293273926
3323,2.0891995429992676
3324,2.149855375289917
3325,2.1947999000549316
3326,2.1427555084228516
3327,2.194416046142578
3328,2.3371944427490234
3329,2.2641794681549072
3330,2.267868757247925
3331,2.2596864700317383
3332,2.2428395748138428
3333,2.123291015625
3334,2.156491279602051
3335,2.029895067214966
3336,2.060675859451294
3337,2.201653242111206
3338,2.242056131362915
3339,2.080791711807251
3340,2.1913034915924072
3341,2.12857985496521
3342,2.0856919288635254
3343,2.230867385864258
3344,2.106144428253174
3345,2.1237823963165283
3346,2.4088191986083984
3347,2.1775879859924316
3348,2.151575803756714
3349,2.067934036254883
3350,2.0814199447631836
3351,2.1840052604675293
3352,2.234373092651367
3353,2.3030953407287598
3354,2.123063087463379
3355,2.1732380390167236
3356,2.1938774585723877
3357,2.0808522701263428
3358,2.2620394229888916
3359,2.0051212310791016
3360,2.242280960083008
3361,2.1126298904418945
3362,2.1215264797210693
3363,2.1826422214508057
3364,2.163867473602295
3365,2.245765447616577
3366,2.149299383163452
3367,2.0753703117370605
3368,2.283834934234619
3369,2.057222366333008
3370,2.202277183532715
3371,2.0944018363952637
3372,2.110257863998413
3373,2.110050678253174
3374,2.0847551822662354
3375,2.1161296367645264
3376,2.202446222305298
3377,2.094149112701416
3378,2.230506420135498
3379,2.0974276065826416
3380,2.2524044513702393
3381,2.1318984031677246
3382,2.189199924468994
3383,2.135302782058716
3384,2.1858954429626465
3385,2.144333600997925
3386,2.1877384185791016
3387,2.301163673400879
3388,2.1936631202697754
3389,2.126553535461426
3390,2.0727274417877197
3391,2.1469645500183105
3392,2.2326788902282715
3393,2.095778703689575
3394,2.0399653911590576
3395,2.0329058170318604
3396,2.1687560081481934
3397,2.092470169067383
3398,2.2286012172698975
3399,2.0360896587371826
3400,2.1799426078796387
3401,2.273221254348755
3402,2.188094139099121
3403,2.2811179161071777
3404,2.304600954055786
3405,2.2951574325561523
3406,2.3323631286621094
3407,2.2154269218444824
3408,2.3457493782043457
3409,2.2110233306884766
3410,2.259465456008911
3411,2.2700181007385254
3412,2.193821668624878
3413,2.1727523803710938
3414,2.1883420944213867
3415,2.082846164703369
3416,2.131204843521118
3417,2.06912899017334
3418,2.0719943046569824
3419,2.172046184539795
3420,2.132537841796875
3421,2.109898805618286
3422,2.1545042991638184
3423,2.165734052658081
3424,2.2112393379211426
3425,2.259910821914673
3426,2.2944393157958984
3427,2.183230400085449
3428,2.114771604537964
3429,2.191555976867676
3430,2.1025967597961426
3431,2.1687142848968506
3432,2.150935649871826
3433,2.095012664794922
3434,2.147475481033325
3435,2.076568126678467
3436,2.211404800415039
3437,2.130544424057007
3438,2.108733892440796
3439,2.313042640686035
3440,2.1677937507629395
3441,2.216107130050659
3442,2.1995444297790527
3443,2.25593638420105
3444,2.1156978607177734
3445,2.1105947494506836
3446,2.189643621444702
3447,2.0697948932647705
3448,2.320190668106079
3449,2.2330713272094727
3450,2.1453311443328857
3451,2.0944647789001465
3452,2.1751654148101807
3453,2.2972068786621094
3454,2.2786552906036377
3455,2.243511199951172
3456,2.107034683227539
3457,2.1260993480682373
3458,2.092566967010498
3459,2.2118372917175293
3460,2.1353347301483154
3461,2.185433864593506
3462,2.152778148651123
3463,2.3446905612945557
3464,2.1985673904418945
3465,2.1147758960723877
3466,2.172201633453369
3467,2.078545093536377
3468,2.169586420059204
3469,2.1952595710754395
3470,2.0930070877075195
3471,2.143449306488037
3472,2.1288394927978516
3473,2.139112710952759
3474,2.3449137210845947
3475,2.2309677600860596
3476,2.08817458152771
3477,2.180450439453125
3478,2.136073112487793
3479,2.2327308654785156
3480,2.1309714317321777
3481,2.203019857406616
3482,2.2129836082458496
3483,2.194523334503174
3484,2.2101972103118896
3485,2.1391186714172363
3486,2.2006688117980957
3487,2.096367359161377
3488,2.1424973011016846
3489,2.1327290534973145
3490,2.2624423503875732
3491,2.3154196739196777
3492,2.0425891876220703
3493,2.0998916625976562
3494,2.0334975719451904
3495,2.109896659851074
3496,2.196390151977539
3497,2.1630125045776367
3498,2.105015516281128
3499,2.015655755996704
3500,2.0872304439544678
3501,2.0596811771392822
3502,2.123473644256592
3503,2.119844675064087
3504,2.045339345932007
3505,2.218153953552246
3506,2.067638635635376
3507,2.1271731853485107
3508,2.1908059120178223
3509,2.1672799587249756
3510,2.0038819313049316
3511,2.206143379211426
3512,2.1276888847351074
3513,2.170224666595459
3514,2.2108302116394043
3515,2.2291884422302246
3516,2.038327217102051
3517,2.229020357131958
3518,2.0046913623809814
3519,2.193607807159424
3520,2.116858959197998
3521,2.2179791927337646
3522,2.3187060356140137
3523,2.184410572052002
3524,2.1822361946105957
3525,2.126481294631958
3526,2.070992946624756
3527,2.223015785217285
3528,2.325080156326294
3529,2.269026041030884
3530,2.161010503768921
3531,2.1261179447174072
3532,2.0921518802642822
3533,2.1984474658966064
3534,2.164418935775757
3535,2.1452736854553223
3536,2.1157212257385254
3537,2.0724005699157715
3538,2.2402524948120117
3539,2.1273891925811768
3540,2.0375638008117676
3541,2.0071659088134766
3542,2.0873470306396484
3543,2.181342363357544
3544,2.0543930530548096
3545,2.292248010635376
3546,2.2394633293151855
3547,2.126990795135498
3548,2.37723970413208
3549,2.1916496753692627
3550,2.1998205184936523
3551,2.060112237930298
3552,2.224167585372925
3553,2.083554983139038
3554,2.190955638885498
3555,2.0771658420562744
3556,2.095284938812256
3557,2.2505908012390137
3558,2.2170004844665527
3559,2.0913403034210205
3560,2.145585298538208
3561,2.3005213737487793
3562,2.2291533946990967
3563,2.045229196548462
3564,2.1382789611816406
3565,2.079284429550171
3566,2.1619036197662354
3567,2.20004940032959
3568,2.2415876388549805
3569,2.0875446796417236
3570,2.0363752841949463
3571,2.1503734588623047
3572,2.1513671875
3573,2.1580348014831543
3574,2.0071165561676025
3575,2.1066627502441406
3576,2.1668472290039062
3577,2.2194759845733643
3578,2.2848758697509766
3579,2.019442319869995
3580,2.1862564086914062
3581,2.2137601375579834
3582,2.080629348754883
3583,2.2105069160461426
3584,2.1728973388671875
3585,2.1071465015411377
3586,2.214431047439575
3587,1.9855443239212036
3588,2.068979501724243
3589,2.063586950302124
3590,2.2052576541900635
3591,2.0981459617614746
3592,2.098710536956787
3593,2.180500030517578
3594,2.0625762939453125
3595,2.0982022285461426
3596,2.0101563930511475
3597,2.1203601360321045
3598,2.281449794769287
3599,2.257120132446289
3600,2.0904314517974854
3601,2.489413261413574
3602,2.330918550491333
3603,2.266737699508667
3604,2.372671365737915
3605,2.3999528884887695
3606,2.2841956615448
3607,2.2603025436401367
3608,2.1708152294158936
3609,2.260298490524292
3610,2.2700960636138916
3611,2.1934690475463867
3612,2.3035025596618652
3613,2.256638288497925
3614,2.234801769256592
3615,2.2601990699768066
3616,2.2291083335876465
3617,2.258493661880493
3618,2.2375118732452393
3619,2.131901741027832
3620,2.245184898376465
3621,2.1393463611602783
3622,2.193878412246704
3623,2.173982620239258
3624,2.1964292526245117
3625,2.1286680698394775
3626,2.2218918800354004
3627,2.2933483123779297
3628,2.0961108207702637
3629,2.1410646438598633
3630,2.2215654850006104
3631,2.205876111984253
3632,2.198796272277832
3633,2.1613805294036865
3634,1.994806170463562
3635,2.0415985584259033
3636,2.2133963108062744
3637,2.0657479763031006
3638,2.251248359680176
3639,2.2217822074890137
3640,2.269045114517212
3641,2.1235973834991455
3642,2.2171428203582764
3643,2.2901065349578857
3644,2.151076555252075
3645,2.189453125
3646,2.1019046306610107
3647,2.1384174823760986
3648,2.1313138008117676
3649,2.149437427520752
3650,2.1932318210601807
3651,2.194920301437378
3652,2.0681674480438232
3653,2.3478522300720215
3654,2.341954231262207
3655,2.2106401920318604
3656,2.2499780654907227
3657,2.423295021057129
3658,2.256648540496826
3659,2.087465286254883
3660,2.1836998462677
3661,2.065993070602417
3662,2.125326156616211
3663,2.034313917160034
3664,2.103590488433838
3665,2.2715725898742676
3666,2.1525423526763916
3667,2.121593952178955
3668,2.342266082763672
3669,2.171415090560913
3670,2.1085636615753174
3671,2.2222723960876465
3672,2.069213628768921
3673,2.1058497428894043
3674,2.2391297817230225
3675,2.1974449157714844
3676,2.1625683307647705
3677,2.2219650745391846
3678,2.1391024589538574
3679,2.131453514099121
3680,2.0934972763061523
3681,2.348447322845459
3682,2.1319310665130615
3683,2.0912668704986572
3684,2.2459299564361572
3685,2.255706310272217
3686,2.1784305572509766
3687,2.159250497817993
3688,2.0811870098114014
3689,2.1796529293060303
3690,2.2540035247802734
3691,2.1220455169677734
3692,2.110185384750366
3693,2.21101713180542
3694,2.2089056968688965
3695,2.076535940170288
3696,2.240166664123535
3697,2.134899377822876
3698,2.1031508445739746
3699,2.061840057373047
3700,2.2817795276641846
3701,2.164339542388916
3702,2.163311004638672
3703,2.1373684406280518
3704,2.237274408340454
3705,2.154935836791992
3706,2.1382970809936523
3707,2.182626962661743
3708,2.1580822467803955
3709,2.0458054542541504
3710,2.1384663581848145
3711,2.3027937412261963
3712,2.1209876537323
3713,2.0653975009918213
3714,2.100175380706787
3715,2.059108257293701
3716,2.1819047927856445
3717,2.102553129196167
3718,2.1619133949279785
3719,2.1663715839385986
3720,2.0835115909576416
3721,2.1223082542419434
3722,2.165757179260254
3723,2.1844944953918457
3724,2.114058017730713
3725,2.1891331672668457
3726,2.2510879039764404
3727,2.196427345275879
3728,2.2287518978118896
3729,2.2948474884033203
3730,2.2352445125579834
3731,2.0782861709594727
3732,2.0233960151672363
3733,2.1441586017608643
3734,2.0526010990142822
3735,2.301269054412842
3736,2.105259656906128
3737,2.1402029991149902
3738,2.2097628116607666
3739,2.099489688873291
3740,2.2735042572021484
3741,2.064276695251465
3742,2.1507465839385986
3743,2.1130828857421875
3744,2.074130058288574
3745,2.3662219047546387
3746,2.141258716583252
3747,2.1469807624816895
3748,2.077275514602661
3749,2.254154682159424
3750,2.2411153316497803
3751,2.206970691680908
3752,2.1795597076416016
3753,2.1791820526123047
3754,2.1536800861358643
3755,2.1426472663879395
3756,2.0566253662109375
3757,2.1552655696868896
3758,2.241628646850586
3759,2.0237343311309814
3760,2.149505376815796
3761,2.024763345718384
3762,2.1281216144561768
3763,2.2447564601898193
3764,2.175764560699463
3765,2.062086343765259
3766,2.266935348510742
3767,2.0327470302581787
3768,2.1275441646575928
3769,2.1843974590301514
3770,2.1391775608062744
3771,2.169645071029663
3772,2.164653778076172
3773,2.3074846267700195
3774,2.3804917335510254
3775,2.143484115600586
3776,2.1999497413635254
3777,2.168062210083008
3778,2.1721513271331787
3779,2.1812727451324463
3780,2.2714719772338867
3781,2.030543088912964
3782,2.074981451034546
3783,2.1001155376434326
3784,2.103203535079956
3785,2.1768300533294678
3786,2.195162057876587
3787,2.1330127716064453
3788,2.1254091262817383
3789,2.072035074234009
3790,2.0517139434814453
3791,2.278203248977661
3792,2.1805384159088135
3793,2.1843786239624023
3794,2.1305689811706543
3795,2.0883307456970215
3796,2.19149112701416
3797,2.1045615673065186
3798,2.107837200164795
3799,2.1290414333343506
3800,2.1478793621063232
3801,2.321674108505249
3802,2.351952075958252
3803,2.293095350265503
3804,2.4605307579040527
3805,2.3254690170288086
3806,2.2794740200042725
3807,2.161496639251709
3808,2.2309818267822266
3809,2.240748405456543
3810,2.264838695526123
3811,2.2471158504486084
3812,2.3029935359954834
3813,2.276102066040039
3814,2.3148491382598877
3815,2.0716943740844727
3816,2.3767454624176025
3817,2.223235845565796
3818,2.127162218093872
3819,2.2904136180877686
3820,2.141801357269287
3821,2.240825653076172
3822,2.111351490020752
3823,2.3014938831329346
3824,2.127568244934082
3825,2.316117286682129
3826,2.109722852706909
3827,2.184621810913086
3828,2.3005330562591553
3829,2.154081106185913
3830,2.101667642593384
3831,2.307159423828125
3832,2.209705114364624
3833,2.284575939178467
3834,2.1136231422424316
3835,2.140129327774048
3836,2.1170740127563477
3837,2.130896806716919
3838,2.07965350151062
3839,2.2691633701324463
3840,2.2348716259002686
3841,2.297471046447754
3842,2.13826847076416
3843,2.0502538681030273
3844,2.183354139328003
3845,2.25239896774292
3846,2.128480911254883
3847,2.1455037593841553
3848,2.037144422531128
3849,2.2068932056427
3850,2.2449491024017334
3851,2.2235522270202637
3852,2.2257602214813232
3853,2.216353178024292
3854,2.1800284385681152
3855,2.0919971466064453
3856,2.232309341430664
3857,2.1753180027008057
3858,2.2136428356170654
3859,2.111344337463379
3860,2.0554616451263428
3861,2.2643985748291016
3862,2.3809311389923096
3863,2.082371234893799
3864,2.1991868019104004
3865,2.2487940788269043
3866,2.162557601928711
3867,2.102301597595215
3868,2.2393417358398438
3869,2.159696102142334
3870,2.300351142883301
3871,2.061020612716675
3872,2.2318296432495117
3873,2.2715606689453125
3874,2.288616895675659
3875,2.1349446773529053
3876,2.130621910095215
3877,2.08107852935791
3878,2.2546818256378174
3879,2.213681221008301
3880,2.2366113662719727
3881,2.0985658168792725
3882,2.2399404048919678
3883,2.16150164604187
3884,2.1034927368164062
3885,2.159947633743286
3886,2.1181933879852295
3887,2.0959441661834717
3888,2.3590962886810303
3889,2.120576858520508
3890,2.111886501312256
3891,2.3634445667266846
3892,2.180842638015747
3893,2.2426114082336426
3894,2.214172840118408
3895,2.2196242809295654
3896,2.196465253829956
3897,2.2117812633514404
3898,2.159454345703125
3899,2.188343048095703
3900,2.1800613403320312
3901,2.2282509803771973
3902,2.1071393489837646
3903,2.1526529788970947
3904,2.3304433822631836
3905,2.2698872089385986
3906,2.1989221572875977
3907,2.0482289791107178
3908,2.1816999912261963
3909,2.1397705078125
3910,2.1310067176818848
3911,2.1166579723358154
3912,2.1457598209381104
3913,2.1266658306121826
3914,2.1206202507019043
3915,2.187321901321411
3916,2.220139980316162
3917,2.1537654399871826
3918,2.1607213020324707
3919,2.0818514823913574
3920,2.12381911277771
3921,2.167337656021118
3922,2.2150816917419434
3923,2.1551706790924072
3924,2.165827751159668
3925,2.0873770713806152
3926,2.2443323135375977
3927,2.0157501697540283
3928,2.092524766921997
3929,2.050016403198242
3930,2.215970516204834
3931,2.0317583084106445
3932,2.2081854343414307
3933,2.116452217102051
3934,2.172839641571045
3935,2.195871114730835
3936,2.1878178119659424
3937,2.1418628692626953
3938,2.2139875888824463
3939,2.098299026489258
3940,2.120321035385132
3941,2.132322311401367
3942,2.2870423793792725
3943,2.248737335205078
3944,2.22217059135437
3945,2.0771284103393555
3946,2.2241034507751465
3947,2.2149412631988525
3948,2.2336583137512207
3949,2.0649142265319824
3950,2.1655497550964355
3951,2.036032199859619
3952,2.134821891784668
3953,2.1988136768341064
3954,2.1300621032714844
3955,2.3223061561584473
3956,2.1815617084503174
3957,2.0162150859832764
3958,2.2226810455322266
3959,2.2094125747680664
3960,2.243353843688965
3961,2.1628634929656982
3962,2.2746753692626953
3963,2.3544492721557617
3964,2.098020553588867
3965,2.322364568710327
3966,2.308182716369629
3967,2.1301095485687256
3968,2.3314075469970703
3969,2.1800389289855957
3970,2.2870442867279053
3971,2.099571704864502
3972,2.390784740447998
3973,2.2943837642669678
3974,2.2125320434570312
3975,2.116976261138916
3976,2.1818649768829346
3977,2.079960823059082
3978,2.1113250255584717
3979,2.091261625289917
3980,2.111154079437256
3981,2.0859827995300293
3982,2.110262155532837
3983,2.059460163116455
3984,2.0897178649902344
3985,2.2037038803100586
3986,2.116837501525879
3987,2.2607288360595703
3988,2.106321096420288
3989,1.9990012645721436
3990,2.048598527908325
3991,2.2008869647979736
3992,2.0557303428649902
3993,2.1867682933807373
3994,2.1580238342285156
3995,2.2825052738189697
3996,2.207552194595337
3997,2.222693920135498
3998,2.130194664001465
3999,2.176774263381958
4000,2.2337770462036133
4001,2.2590160369873047
4002,2.2529258728027344
4003,2.2828524112701416
4004,2.287606716156006
4005,2.2409093379974365
4006,2.308767795562744
4007,2.238640546798706
4008,2.208408832550049
4009,2.2442901134490967
4010,2.166485548019409
4011,2.1941001415252686
4012,2.214683771133423
4013,2.19049334526062
4014,2.1326444149017334
4015,2.183729410171509
4016,2.0504908561706543
4017,2.2036385536193848
4018,2.1092653274536133
4019,2.175184726715088
4020,2.243342876434326
4021,2.3391709327697754
4022,2.2413108348846436
4023,2.1075711250305176
4024,2.152092218399048
4025,2.247446298599243
4026,2.2234556674957275
4027,2.1994316577911377
4028,2.0632739067077637
4029,2.126518964767456
4030,2.2689836025238037
4031,2.2932095527648926
4032,2.1723339557647705
4033,2.141836166381836
4034,2.165404796600342
4035,2.1336348056793213
4036,2.097932815551758
4037,2.25655460357666
4038,2.285034656524658
4039,2.090705633163452
4040,2.016749143600464
4041,2.2619693279266357
4042,2.323366641998291
4043,2.065809965133667
4044,2.1808602809906006
4045,2.3156516551971436
4046,2.1503286361694336
4047,2.1210203170776367
4048,2.0214719772338867
4049,2.267624855041504
4050,2.080439329147339
4051,2.189192771911621
4052,2.1477222442626953
4053,2.2545080184936523
4054,2.0879666805267334
4055,2.1765170097351074
4056,2.1452794075012207
4057,2.170806884765625
4058,2.388690710067749
4059,2.384237289428711
4060,2.24408221244812
4061,2.0764925479888916
4062,2.2030980587005615
4063,2.0655462741851807
4064,2.1372413635253906
4065,2.1628732681274414
4066,2.1415936946868896
4067,2.267554759979248
4068,2.0976548194885254
4069,2.1229639053344727
4070,2.2489113807678223
4071,1.9755743741989136
4072,2.1235904693603516
4073,2.3685262203216553
4074,2.1514053344726562
4075,2.2109479904174805
4076,2.063415050506592
4077,2.18510365486145
4078,2.2335753440856934
4079,2.261385440826416
4080,2.1444735527038574
4081,2.111227512359619
4082,2.3410918712615967
4083,2.1919620037078857
4084,2.203200340270996
4085,2.059361696243286
4086,2.0177433490753174
4087,2.075831890106201
4088,2.1153206825256348
4089,2.240635395050049
4090,2.085244655609131
4091,2.085024356842041
4092,2.083137035369873
4093,2.0548810958862305
4094,2.095449209213257
4095,2.175690174102783
4096,2.2050821781158447
4097,2.2461981773376465
4098,2.2789974212646484
4099,2.248732328414917
4100,2.107959508895874
4101,2.214663028717041
4102,2.170842170715332
4103,2.2276082038879395
4104,2.178539276123047
4105,2.0975918769836426
4106,2.1633493900299072
4107,2.28621244430542
4108,2.153576612472534
4109,2.145127773284912
4110,2.2166895866394043
4111,2.1578328609466553
4112,2.2304043769836426
4113,2.196816921234131
4114,2.229475975036621
4115,2.152463674545288
4116,2.145085334777832
4117,2.204200029373169
4118,2.112133502960205
4119,2.2591679096221924
4120,2.1203417778015137
4121,2.340541124343872
4122,2.0568315982818604
4123,2.269449234008789
4124,2.1611366271972656
4125,2.2424137592315674
4126,2.0874180793762207
4127,2.1747772693634033
4128,2.055044174194336
4129,2.1937713623046875
4130,2.0581579208374023
4131,2.2226834297180176
4132,2.0290164947509766
4133,2.1304750442504883
4134,2.3067450523376465
4135,1.998769760131836
4136,2.2131426334381104
4137,2.1478707790374756
4138,2.222194194793701
4139,2.2185750007629395
4140,2.3081247806549072
4141,2.103266954421997
4142,2.2737462520599365
4143,2.2011094093322754
4144,2.1554818153381348
4145,2.078575611114502
4146,2.1923916339874268
4147,2.277949810028076
4148,2.390712261199951
4149,2.297706127166748
4150,2.2853972911834717
4151,2.031623363494873
4152,2.2301762104034424
4153,2.2609901428222656
4154,2.110771656036377
4155,2.2562239170074463
4156,2.0640547275543213
4157,2.128983974456787
4158,2.1681406497955322
4159,2.1334736347198486
4160,2.1417195796966553
4161,2.2011606693267822
4162,2.2722113132476807
4163,2.2318973541259766
4164,2.141951084136963
4165,2.165942907333374
4166,2.0428316593170166
4167,2.299196481704712
4168,2.215308904647827
4169,2.2435600757598877
4170,2.229300022125244
4171,2.288115978240967
4172,2.20628023147583
4173,2.028764247894287
4174,2.031597137451172
4175,2.2142720222473145
4176,2.2504429817199707
4177,2.399149179458618
4178,2.2033321857452393
4179,2.1057240962982178
4180,2.137129545211792
4181,2.011073589324951
4182,2.129696846008301
4183,2.132704257965088
4184,2.1060774326324463
4185,2.235814094543457
4186,2.232494592666626
4187,2.186746597290039
4188,2.2537779808044434
4189,2.3667497634887695
4190,2.1814746856689453
4191,2.136791706085205
4192,2.2092905044555664
4193,2.078418016433716
4194,2.01531720161438
4195,2.36242938041687
4196,2.067155599594116
4197,2.171963691711426
4198,2.2877917289733887
4199,2.091050863265991
4200,2.0115764141082764
4201,2.416195869445801
4202,2.612786293029785
4203,2.3535048961639404
4204,2.2797443866729736
4205,2.1664669513702393
4206,2.2200310230255127
4207,2.1084442138671875
4208,2.2247166633605957
4209,2.346003532409668
4210,2.230908155441284
4211,2.2070975303649902
4212,2.188234806060791
4213,2.231015682220459
4214,2.1858949661254883
4215,2.2528581619262695
4216,2.222123146057129
4217,2.3053252696990967
4218,2.1723780632019043
4219,2.2942187786102295
4220,2.249289035797119
4221,2.2498717308044434
4222,2.2705471515655518
4223,2.0980653762817383
4224,2.2456204891204834
4225,2.2710952758789062
4226,2.102142572402954
4227,2.065314769744873
4228,2.156186580657959
4229,2.0933737754821777
4230,2.156144618988037
4231,2.093207359313965
4232,2.2281336784362793
4233,2.2252964973449707
4234,2.082439422607422
4235,2.19802188873291
4236,2.2934253215789795
4237,2.2506556510925293
4238,2.1235389709472656
4239,2.2717838287353516
4240,2.2450006008148193
4241,2.0051989555358887
4242,2.0917627811431885
4243,2.350522756576538
4244,2.1071019172668457
4245,2.2599453926086426
4246,2.2646548748016357
4247,2.143876314163208
4248,2.1008453369140625
4249,2.2731735706329346
4250,2.1379475593566895
4251,2.3681366443634033
4252,2.176776885986328
4253,2.147432804107666
4254,2.1298131942749023
4255,2.282848358154297
4256,2.2523446083068848
4257,2.1960597038269043
4258,2.1687979698181152
4259,2.1570324897766113
4260,2.2048707008361816
4261,2.1353819370269775
4262,2.211930751800537
4263,2.185485363006592
4264,2.118464708328247
4265,2.142058849334717
4266,2.2839114665985107
4267,2.1050453186035156
4268,2.188098430633545
4269,2.1985065937042236
4270,2.3442494869232178
4271,2.288827657699585
4272,2.2262351512908936
4273,2.0428829193115234
4274,2.4529576301574707
4275,2.2872886657714844
4276,2.2456605434417725
4277,2.2276864051818848
4278,2.3711767196655273
4279,2.288658857345581
4280,2.083512783050537
4281,2.149418592453003
4282,2.099496603012085
4283,2.19667387008667
4284,2.240723133087158
4285,2.193826198577881
4286,2.2726051807403564
4287,2.1594479084014893
4288,2.120731830596924
4289,2.205789566040039
4290,2.1566410064697266
4291,2.355224609375
4292,2.207810878753662
4293,2.0935518741607666
4294,2.155040740966797
4295,2.1075053215026855
4296,2.1129705905914307
4297,2.176002025604248
4298,2.2245676517486572
4299,2.289005994796753
4300,2.091764450073242
4301,2.167830228805542
4302,2.2213101387023926
4303,2.0944433212280273
4304,2.1716699600219727
4305,2.1611597537994385
4306,2.222566604614258
4307,1.9579664468765259
4308,2.140503406524658
4309,2.2415037155151367
4310,2.2826693058013916
4311,2.156999111175537
4312,2.2356491088867188
4313,2.1606578826904297
4314,2.2099719047546387
4315,2.3176522254943848
4316,2.2917213439941406
4317,2.218979835510254
4318,2.0793957710266113
4319,2.231196880340576
4320,2.2514472007751465
4321,2.1032848358154297
4322,2.3052375316619873
4323,2.2103052139282227
4324,2.0835468769073486
4325,2.2079265117645264
4326,2.1765153408050537
4327,2.275466203689575
4328,2.0215821266174316
4329,2.162736415863037
4330,2.178758144378662
4331,2.191758155822754
4332,2.1760261058807373
4333,2.2426443099975586
4334,2.225745439529419
4335,2.21207594871521
4336,2.248173236846924
4337,2.181796073913574
4338,2.1483311653137207
4339,2.1495461463928223
4340,2.1178314685821533
4341,2.1378016471862793
4342,2.2767703533172607
4343,2.0942745208740234
4344,2.081359624862671
4345,2.1786863803863525
4346,2.243184804916382
4347,2.1676650047302246
4348,2.2102935314178467
4349,2.3914098739624023
4350,2.190290927886963
4351,2.0078141689300537
4352,2.1010029315948486
4353,2.1358768939971924
4354,2.2153120040893555
4355,2.3001487255096436
4356,2.1771368980407715
4357,2.0803470611572266
4358,2.1165499687194824
4359,2.0511810779571533
4360,2.1957292556762695
4361,2.266207695007324
4362,2.229781150817871
4363,2.203127861022949
4364,2.130451202392578
4365,2.286778688430786
4366,2.1073479652404785
4367,2.106435537338257
4368,2.0993127822875977
4369,2.0375707149505615
4370,2.2058587074279785
4371,2.331078052520752
4372,2.244006395339966
4373,2.281780242919922
4374,2.0891823768615723
4375,2.2754595279693604
4376,2.165735960006714
4377,2.2124412059783936
4378,2.0799264907836914
4379,2.3433680534362793
4380,2.039276361465454
4381,2.149444818496704
4382,2.173874616622925
4383,2.2044475078582764
4384,2.1027450561523438
4385,2.2041780948638916
4386,2.469393014907837
4387,2.1097068786621094
4388,2.187408208847046
4389,2.155477285385132
4390,2.2678208351135254
4391,2.137448310852051
4392,2.1180026531219482
4393,2.232370615005493
4394,2.162350654602051
4395,2.3420281410217285
4396,2.329663038253784
4397,2.237077474594116
4398,2.176299810409546
4399,2.189206600189209
4400,2.245147228240967
4401,2.315016508102417
4402,2.2763566970825195
4403,2.3605265617370605
4404,2.3177554607391357
4405,2.3055477142333984
4406,2.29552960395813
4407,2.2035975456237793
4408,2.3608169555664062
4409,2.212796449661255
4410,2.222587823867798
4411,2.3666892051696777
4412,2.1653125286102295
4413,2.2767679691314697
4414,2.114637613296509
4415,2.1559460163116455
4416,2.2958035469055176
4417,2.281018018722534
4418,2.3200900554656982
4419,2.258796453475952
4420,2.1824886798858643
4421,2.257164716720581
4422,2.226344585418701
4423,2.4236185550689697
4424,2.293466329574585
4425,2.2332916259765625
4426,2.266991138458252
4427,2.166806221008301
4428,2.251490831375122
4429,2.594334602355957
4430,2.198808431625366
4431,1.993239164352417
4432,2.2433154582977295
4433,2.2833497524261475
4434,2.0459165573120117
4435,2.1887106895446777
4436,2.177142858505249
4437,2.2626395225524902
4438,2.0907554626464844
4439,2.207836151123047
4440,2.141181707382202
4441,2.119601249694824
4442,2.2247731685638428
4443,2.2676260471343994
4444,2.4234490394592285
4445,2.093130111694336
4446,2.2412188053131104
4447,2.2779603004455566
4448,2.31636381149292
4449,2.2577738761901855
4450,2.3707306385040283
4451,2.243473768234253
4452,2.157348871231079
4453,2.1704676151275635
4454,2.181290864944458
4455,2.1111812591552734
4456,2.1790049076080322
4457,2.3269026279449463
4458,2.1151177883148193
4459,2.3510355949401855
4460,2.258889675140381
4461,2.264054775238037
4462,2.2302398681640625
4463,2.138335704803467
4464,2.3279213905334473
4465,2.4301199913024902
4466,2.2470457553863525
4467,2.150606393814087
4468,2.12896990776062
4469,2.242189407348633
4470,2.1687557697296143
4471,2.166141986846924
4472,2.3351101875305176
4473,2.1401095390319824
4474,2.136328935623169
4475,2.2100813388824463
4476,2.1896512508392334
4477,2.1329145431518555
4478,2.3086044788360596
4479,2.1603355407714844
4480,2.0241518020629883
4481,2.2790307998657227
4482,2.195244312286377
4483,2.1964454650878906
4484,2.13291335105896
4485,2.0549874305725098
4486,2.364018440246582
4487,2.0410752296447754
4488,2.1112847328186035
4489,2.215235471725464
4490,2.3029580116271973
4491,2.3209898471832275
4492,2.226494312286377
4493,2.1822619438171387
4494,2.122714042663574
4495,2.166675567626953
4496,2.2049756050109863
4497,2.1256566047668457
4498,2.1552555561065674
4499,2.1170430183410645
4500,2.116295099258423
4501,2.080199956893921
4502,2.211704730987549
4503,2.3089380264282227
4504,2.3236684799194336
4505,2.2482259273529053
4506,2.1978416442871094
4507,2.093498706817627
4508,2.1880784034729004
4509,2.15057373046875
4510,2.2400593757629395
4511,2.2766170501708984
4512,2.179375410079956
4513,2.1457138061523438
4514,2.3043203353881836
4515,2.0956063270568848
4516,2.3890469074249268
4517,2.2317116260528564
4518,2.2920303344726562
4519,2.239581823348999
4520,2.114638328552246
4521,2.1515371799468994
4522,2.1628332138061523
4523,2.4669995307922363
4524,2.250204086303711
4525,2.3612594604492188
4526,2.1885104179382324
4527,2.1374874114990234
4528,2.1188173294067383
4529,2.2046189308166504
4530,2.174170732498169
4531,2.215893507003784
4532,2.0347769260406494
4533,2.4491069316864014
4534,2.2273006439208984
4535,2.388864040374756
4536,2.246586561203003
4537,2.210604667663574
4538,2.2347333431243896
4539,2.017662286758423
4540,2.314589500427246
4541,2.192976474761963
4542,2.1503186225891113
4543,2.2628884315490723
4544,2.2626845836639404
4545,2.213815212249756
4546,2.3078601360321045
4547,2.1831960678100586
4548,2.2361369132995605
4549,2.2838363647460938
4550,2.3189730644226074
4551,2.18510103225708
4552,2.200073719024658
4553,2.042743444442749
4554,2.055037260055542
4555,2.023571491241455
4556,2.205457925796509
4557,2.152841091156006
4558,2.2225992679595947
4559,2.2770919799804688
4560,2.3354053497314453
4561,2.154477834701538
4562,2.1732523441314697
4563,2.331277370452881
4564,2.14475679397583
4565,2.1092803478240967
4566,2.35205340385437
4567,2.037332057952881
4568,2.0835299491882324
4569,2.2350752353668213
4570,2.303750991821289
4571,2.0933339595794678
4572,2.2115018367767334
4573,2.1366965770721436
4574,2.2162253856658936
4575,2.31315279006958
4576,2.1037814617156982
4577,2.391498327255249
4578,2.2684781551361084
4579,2.210041046142578
4580,2.252000093460083
4581,2.2696139812469482
4582,2.2244937419891357
4583,2.1054179668426514
4584,2.2628159523010254
4585,2.3778023719787598
4586,2.2354252338409424
4587,2.236337184906006
4588,2.261113405227661
4589,2.1743903160095215
4590,2.277182102203369
4591,2.1468186378479004
4592,2.1280136108398438
4593,2.2429864406585693
4594,2.190582036972046
4595,2.2467033863067627
4596,2.0807390213012695
4597,2.5411863327026367
4598,2.1264498233795166
4599,2.0398731231689453
4600,2.2241334915161133
4601,2.3204076290130615
4602,2.280444622039795
4603,2.297593116760254
4604,2.3527016639709473
4605,2.216118812561035
4606,2.166518211364746
4607,2.2205543518066406
4608,2.0282905101776123
4609,2.244863510131836
4610,2.193812847137451
4611,2.273857593536377
4612,2.2204020023345947
4613,2.1898412704467773
4614,2.1780123710632324
4615,2.443638563156128
4616,2.131930351257324
4617,2.160013437271118
4618,2.1591734886169434
4619,2.0683350563049316
4620,2.25612735748291
4621,2.179719924926758
4622,2.168304204940796
4623,2.263268232345581
4624,2.235250949859619
4625,2.4192068576812744
4626,2.2377078533172607
4627,2.0995373725891113
4628,2.1590261459350586
4629,2.301193952560425
4630,2.0991058349609375
4631,2.26297664642334
4632,2.1820719242095947
4633,2.1198391914367676
4634,2.020429849624634
4635,2.1252059936523438
4636,2.136239528656006
4637,2.0937163829803467
4638,2.1543338298797607
4639,2.178849458694458
4640,2.206411600112915
4641,2.1932766437530518
4642,2.210376501083374
4643,2.3651559352874756
4644,2.1772959232330322
4645,2.206681251525879
4646,2.181957721710205
4647,2.0368266105651855
4648,2.1721653938293457
4649,2.3297853469848633
4650,2.189157724380493
4651,2.02437162399292
4652,2.0771260261535645
4653,2.079223871231079
4654,2.1521880626678467
4655,2.3811464309692383
4656,2.4950110912323
4657,2.2496280670166016
4658,2.3014426231384277
4659,2.3107221126556396
4660,2.1206440925598145
4661,2.1385509967803955
4662,2.194617748260498
4663,2.1792426109313965
4664,2.1638073921203613
4665,2.2476511001586914
4666,2.206193447113037
4667,2.2682137489318848
4668,2.3345091342926025
4669,2.1622793674468994
4670,2.186751365661621
4671,2.2535881996154785
4672,2.234567403793335
4673,2.4852945804595947
4674,2.2097628116607666
4675,2.259282350540161
4676,2.1009833812713623
4677,2.141803503036499
4678,2.1530251502990723
4679,2.252383232116699
4680,2.2227072715759277
4681,2.0860910415649414
4682,2.2997355461120605
4683,2.2306225299835205
4684,2.120100736618042
4685,2.174471616744995
4686,2.44521164894104
4687,2.2195611000061035
4688,2.5020883083343506
4689,2.2152328491210938
4690,2.3762824535369873
4691,2.115497350692749
4692,2.110508441925049
4693,1.9636510610580444
4694,2.088994026184082
4695,2.1683685779571533
4696,2.198371171951294
4697,2.4122273921966553
4698,2.1995785236358643
4699,2.280592441558838
4700,2.0894103050231934
4701,2.29403018951416
4702,2.129551887512207
4703,2.0893917083740234
4704,2.2743396759033203
4705,2.2874300479888916
4706,2.283336639404297
4707,2.21345591545105
4708,2.2120108604431152
4709,2.1801319122314453
4710,2.1534645557403564
4711,2.0408308506011963
4712,2.179774522781372
4713,2.200472116470337
4714,2.0322203636169434
4715,2.081754446029663
4716,2.05867600440979
4717,2.333876848220825
4718,2.359564781188965
4719,2.272502899169922
4720,2.2214295864105225
4721,2.1071243286132812
4722,2.264498233795166
4723,2.1542484760284424
4724,2.254415273666382
4725,2.070521354675293
4726,2.2233188152313232
4727,2.3012759685516357
4728,2.1703484058380127
4729,2.0458431243896484
4730,2.295220136642456
4731,2.197538375854492
4732,2.333608388900757
4733,2.267904281616211
4734,2.0993478298187256
4735,2.2089829444885254
4736,2.2091236114501953
4737,2.2569174766540527
4738,2.2302987575531006
4739,2.0404772758483887
4740,2.2402923107147217
4741,2.159229278564453
4742,2.245779037475586
4743,2.2236328125
4744,2.118434190750122
4745,2.1070446968078613
4746,2.2131619453430176
4747,2.1338765621185303
4748,2.1943092346191406
4749,2.166682720184326
4750,2.416163444519043
4751,2.1970808506011963
4752,2.319694995880127
4753,2.0790977478027344
4754,2.331009864807129
4755,2.155094861984253
4756,2.1788594722747803
4757,2.16991925239563
4758,2.10976505279541
4759,2.238494873046875
4760,2.256524085998535
4761,2.190981388092041
4762,2.256037712097168
4763,2.0929667949676514
4764,2.188096523284912
4765,2.2341151237487793
4766,2.14131236076355
4767,2.2454819679260254
4768,2.234424114227295
4769,2.176671266555786
4770,2.117058753967285
4771,2.196638822555542
4772,2.117523670196533
4773,2.382279396057129
4774,2.18554425239563
4775,2.3021492958068848
4776,2.2477879524230957
4777,2.183393955230713
4778,2.305044651031494
4779,2.302884101867676
4780,2.2885217666625977
4781,2.272136926651001
4782,2.258260726928711
4783,2.2354044914245605
4784,2.3546576499938965
4785,2.1947968006134033
4786,2.2487850189208984
4787,2.232111692428589
4788,2.220946788787842
4789,2.1648802757263184
4790,2.1802890300750732
4791,2.0342636108398438
4792,2.2444121837615967
4793,2.170794725418091
4794,2.240290641784668
4795,2.103916883468628
4796,2.106117010116577
4797,2.1813859939575195
4798,2.252131462097168
4799,2.3045120239257812
4800,2.1051201820373535
4801,2.210359573364258
4802,2.180015802383423
4803,2.223212718963623
4804,2.3515193462371826
4805,2.212688446044922
4806,2.3465092182159424
4807,2.2791895866394043
4808,2.0784668922424316
4809,2.288257122039795
4810,2.2339818477630615
4811,2.3592004776000977
4812,2.124387264251709
4813,2.171076536178589
4814,2.2867445945739746
4815,2.1988699436187744
4816,2.3226354122161865
4817,2.172973394393921
4818,2.348271131515503
4819,2.171154737472534
4820,2.2419872283935547
4821,2.422794818878174
4822,2.1498863697052
4823,2.1247801780700684
4824,2.249856948852539
4825,2.2023141384124756
4826,2.4590179920196533
4827,2.0746853351593018
4828,2.238083600997925
4829,2.3055059909820557
4830,2.2297325134277344
4831,2.3094778060913086
4832,2.212756395339966
4833,2.4474825859069824
4834,2.130594491958618
4835,2.187875747680664
4836,2.0707547664642334
4837,2.211036443710327
4838,2.3004419803619385
4839,2.3299739360809326
4840,2.1928625106811523
4841,2.292346239089966
4842,2.2568531036376953
4843,2.4267282485961914
4844,2.071683168411255
4845,2.332778215408325
4846,2.120582103729248
4847,2.1338911056518555
4848,2.0856597423553467
4849,2.103990077972412
4850,2.1935365200042725
4851,2.071686267852783
4852,2.0303215980529785
4853,2.389751434326172
4854,2.1707592010498047
4855,2.2261581420898438
4856,2.268418550491333
4857,2.4182229042053223
4858,2.234013319015503
4859,2.166133165359497
4860,2.1605224609375
4861,2.347642183303833
4862,2.1012072563171387
4863,2.4300191402435303
4864,2.3114242553710938
4865,2.1927642822265625
4866,2.1641366481781006
4867,2.306931734085083
4868,2.2054929733276367
4869,2.101043701171875
4870,2.2084848880767822
4871,2.194652795791626
4872,2.2670063972473145
4873,2.344247817993164
4874,2.2123537063598633
4875,2.063183307647705
4876,2.102540969848633
4877,2.326662540435791
4878,1.9894030094146729
4879,2.0642857551574707
4880,2.1144933700561523
4881,2.1483612060546875
4882,2.152752637863159
4883,2.0742056369781494
4884,2.3615810871124268
4885,2.2746219635009766
4886,2.2698328495025635
4887,2.2445027828216553
4888,2.184863328933716
4889,2.3654611110687256
4890,2.3833038806915283
4891,2.1724424362182617
4892,2.238823413848877
4893,2.082824945449829
4894,2.227647542953491
4895,2.1473422050476074
4896,2.177358627319336
4897,2.253267526626587
4898,2.1625514030456543
4899,2.214841365814209
4900,2.0895137786865234
4901,2.1375250816345215
4902,1.9850447177886963
4903,2.2692971229553223
4904,2.101691722869873
4905,2.0911865234375
4906,2.1892588138580322
4907,2.166292667388916
4908,2.318413019180298
4909,2.0556859970092773
4910,2.3529903888702393
4911,2.2853798866271973
4912,2.3141121864318848
4913,2.2426326274871826
4914,2.1518263816833496
4915,2.2936975955963135
4916,2.1799371242523193
4917,2.073329210281372
4918,2.1501123905181885
4919,2.1719837188720703
4920,2.1360061168670654
4921,2.1227574348449707
4922,2.12312912940979
4923,2.186087131500244
4924,2.2437148094177246
4925,2.2621755599975586
4926,2.211885452270508
4927,2.3140482902526855
4928,2.050596237182617
4929,2.1541850566864014
4930,2.194028615951538
4931,2.1910150051116943
4932,2.2286157608032227
4933,2.0160815715789795
4934,2.376960515975952
4935,2.165356397628784
4936,2.0600154399871826
4937,2.115584135055542
4938,2.2438530921936035
4939,2.1602044105529785
4940,2.034888744354248
4941,2.1775269508361816
4942,2.3387246131896973
4943,2.3535048961639404
4944,2.173433303833008
4945,2.1668765544891357
4946,2.2544047832489014
4947,2.064617395401001
4948,2.3483994007110596
4949,2.175604820251465
4950,2.2752299308776855
4951,2.1089746952056885
4952,2.2032532691955566
4953,2.1882987022399902
4954,2.2514798641204834
4955,2.1801724433898926
4956,2.1232821941375732
4957,2.278939723968506
4958,2.174555540084839
4959,2.22917103767395
4960,2.2042598724365234
4961,2.1008665561676025
4962,2.063558578491211
4963,2.222667694091797
4964,2.17956805229187
4965,2.2897729873657227
4966,2.236323595046997
4967,2.130852460861206
4968,2.3752198219299316
4969,2.2001521587371826
4970,2.272488594055176
4971,2.382829427719116
4972,2.2422213554382324
4973,2.282716751098633
4974,2.1231298446655273
4975,2.1683473587036133
4976,2.421156406402588
4977,2.20562481880188
4978,2.503551959991455
4979,2.1916890144348145
4980,2.1581482887268066
4981,2.297121524810791
4982,2.0749335289001465
4983,2.19938325881958
4984,2.07361102104187
4985,2.285598039627075
4986,2.2032666206359863
4987,2.286071538925171
4988,2.2152493000030518
4989,2.237175226211548
4990,2.189284324645996
4991,2.163653612136841
4992,2.0242786407470703
4993,2.168182611465454
4994,2.099210739135742
4995,2.2378368377685547
4996,2.0432653427124023
4997,2.1531386375427246
4998,2.272670269012451
4999,2.2216577529907227
5000,2.2101728916168213
5001,2.3560144901275635
5002,2.2837672233581543
5003,2.387147903442383
5004,2.214355707168579
5005,2.1493003368377686
5006,2.3913679122924805
5007,2.3477725982666016
5008,2.228518009185791
5009,2.315150737762451
5010,2.35624361038208
5011,2.1853551864624023
5012,2.278871536254883
5013,2.144867420196533
5014,2.181870937347412
5015,2.0980002880096436
5016,2.2115349769592285
5017,2.0305557250976562
5018,2.265496253967285
5019,2.1394765377044678
5020,2.179190158843994
5021,2.184251308441162
5022,2.086059093475342
5023,2.230635643005371
5024,2.2542035579681396
5025,2.229766368865967
5026,2.0831375122070312
5027,2.212189197540283
5028,2.2133212089538574
5029,2.212833881378174
5030,2.1271891593933105
5031,2.220097064971924
5032,2.2292654514312744
5033,2.169856548309326
5034,2.244419574737549
5035,2.328219175338745
5036,2.32883358001709
5037,2.2158401012420654
5038,2.231551170349121
5039,2.178621768951416
5040,2.2902824878692627
5041,2.1583948135375977
5042,2.253638505935669
5043,2.0481371879577637
5044,2.200817584991455
5045,2.084757089614868
5046,2.4020936489105225
5047,2.1325931549072266
5048,2.1062164306640625
5049,2.124058246612549
5050,2.4146883487701416
5051,2.283869981765747
5052,2.177053451538086
5053,2.1734354496002197
5054,2.144695281982422
5055,2.2329342365264893
5056,2.078092336654663
5057,1.9758762121200562
5058,2.1165549755096436
5059,2.1732630729675293
5060,2.1696176528930664
5061,2.109475612640381
5062,2.206609010696411
5063,2.386202812194824
5064,2.2231290340423584
5065,2.179281234741211
5066,2.21451735496521
5067,2.176074266433716
5068,2.0768179893493652
5069,2.236906051635742
5070,2.2438204288482666
5071,2.3444364070892334
5072,2.1359872817993164
5073,2.2988598346710205
5074,2.2941854000091553
5075,2.2012312412261963
5076,2.1559152603149414
5077,2.0491647720336914
5078,2.4594993591308594
5079,2.2425436973571777
5080,2.409883499145508
5081,2.2778494358062744
5082,2.230496406555176
5083,2.135719060897827
5084,2.011245012283325
5085,2.2370758056640625
5086,2.1530299186706543
5087,2.190718173980713
5088,2.1324262619018555
5089,2.0320241451263428
5090,2.202345848083496
5091,2.040400981903076
5092,2.1397156715393066
5093,2.3211007118225098
5094,2.2610325813293457
5095,2.0569539070129395
5096,2.227191925048828
5097,2.084155321121216
5098,2.0259883403778076
5099,2.281080722808838
5100,2.2364161014556885
5101,2.311741590499878
5102,2.2396650314331055
5103,2.1117024421691895
5104,2.317338466644287
5105,2.1812145709991455
5106,2.297184705734253
5107,2.117953300476074
5108,2.140706777572632
5109,2.3512349128723145
5110,2.179621696472168
5111,2.157810926437378
5112,2.498220443725586
5113,2.250556468963623
5114,2.005580425262451
5115,2.1998534202575684
5116,2.2361061573028564
5117,2.1735613346099854
5118,1.984782338142395
5119,2.2135913372039795
5120,2.0778799057006836
5121,2.2870993614196777
5122,2.1294496059417725
5123,2.129690408706665
5124,2.2596185207366943
5125,2.3229353427886963
5126,2.25266170501709
5127,2.4525530338287354
5128,2.363931655883789
5129,2.216250419616699
5130,2.0567760467529297
5131,2.3396544456481934
5132,2.2251265048980713
5133,2.2088377475738525
5134,2.0760791301727295
5135,2.1027209758758545
5136,2.2110941410064697
5137,2.2382795810699463
5138,2.448587417602539
5139,2.393986701965332
5140,2.0554537773132324
5141,2.1064293384552
5142,2.138521194458008
5143,2.0390448570251465
5144,2.2969040870666504
5145,2.327807903289795
5146,2.1592588424682617
5147,2.1834418773651123
5148,2.1712985038757324
5149,2.248882293701172
5150,2.1347527503967285
5151,2.156499147415161
5152,2.022221803665161
5153,2.1376359462738037
5154,2.248978614807129
5155,2.2603087425231934
5156,2.3124783039093018
5157,2.0565707683563232
5158,2.2889392375946045
5159,2.149338722229004
5160,2.10701322555542
5161,2.480477809906006
5162,2.12459397315979
5163,2.0875470638275146
5164,2.0985445976257324
5165,2.303882598876953
5166,2.3588438034057617
5167,2.4226431846618652
5168,2.155364513397217
5169,2.042114019393921
5170,2.001368522644043
5171,2.177360773086548
5172,2.2251241207122803
5173,2.368544101715088
5174,2.1820735931396484
5175,2.238520860671997
5176,2.0048985481262207
5177,2.1933212280273438
5178,2.020442008972168
5179,2.085171699523926
5180,2.1576344966888428
5181,2.2076609134674072
5182,2.265315055847168
5183,2.4382476806640625
5184,2.1752991676330566
5185,2.170412540435791
5186,2.344318151473999
5187,2.374845027923584
5188,2.1328940391540527
5189,2.207923412322998
5190,2.334043264389038
5191,1.9776554107666016
5192,2.2541534900665283
5193,2.1768198013305664
5194,2.191775321960449
5195,2.209930181503296
5196,2.137913227081299
5197,2.132319688796997
5198,2.198108434677124
5199,2.1595983505249023
5200,2.074993133544922
5201,2.373405933380127
5202,2.2814526557922363
5203,2.261884927749634
5204,2.3129029273986816
5205,2.356104850769043
5206,2.136754035949707
5207,2.2387616634368896
5208,2.3521382808685303
5209,2.252152919769287
5210,2.2632980346679688
5211,2.422196865081787
5212,1.994114637374878
5213,2.1122188568115234
5214,2.1991126537323
5215,2.3948872089385986
5216,2.279712200164795
5217,2.253176689147949
5218,2.2257888317108154
5219,2.333949565887451
5220,2.3772802352905273
5221,2.0907022953033447
5222,2.2046799659729004
5223,2.1141083240509033
5224,2.187455415725708
5225,2.3064191341400146
5226,2.3176891803741455
5227,2.193596363067627
5228,2.1558921337127686
5229,2.106308698654175
5230,2.260814666748047
5231,2.3110263347625732
5232,1.9825992584228516
5233,2.221694231033325
5234,2.412935733795166
5235,2.1005468368530273
5236,2.2894248962402344
5237,2.2455573081970215
5238,2.34677791595459
5239,2.229515314102173
5240,2.1337218284606934
5241,2.1481807231903076
5242,2.1688191890716553
5243,2.065200090408325
5244,2.1085221767425537
5245,2.171595335006714
5246,2.154824733734131
5247,2.1675493717193604
5248,2.2121150493621826
5249,2.1944706439971924
5250,2.339431047439575
5251,2.143425703048706
5252,2.2648675441741943
5253,2.2884998321533203
5254,2.2187371253967285
5255,2.161269187927246
5256,2.2407422065734863
5257,2.144087314605713
5258,2.1877033710479736
5259,2.1978607177734375
5260,2.3324756622314453
5261,2.226633071899414
5262,2.3704357147216797
5263,2.162849187850952
5264,2.0260884761810303
5265,2.1294472217559814
5266,2.1036267280578613
5267,2.3294429779052734
5268,2.1418309211730957
5269,2.1476504802703857
5270,2.257261276245117
5271,2.1393728256225586
5272,2.109565258026123
5273,2.1514503955841064
5274,2.346224546432495
5275,2.210476875305176
5276,2.319742202758789
5277,2.287909984588623
5278,2.140908718109131
5279,2.237133026123047
5280,2.347994804382324
5281,2.1709654331207275
5282,2.2083663940429688
5283,2.2313790321350098
5284,2.2494852542877197
5285,2.1680617332458496
5286,2.2065999507904053
5287,2.145021915435791
5288,1.971557378768921
5289,2.1808667182922363
5290,2.107008457183838
5291,2.320255756378174
5292,2.2938294410705566
5293,2.044337034225464
5294,2.248563766479492
5295,2.28220534324646
5296,2.1803290843963623
5297,2.2465102672576904
5298,2.2414298057556152
5299,2.1325385570526123
5300,2.247083902359009
5301,2.1513383388519287
5302,2.1524789333343506
5303,2.0732452869415283
5304,2.133615016937256
5305,2.267030715942383
5306,2.237603187561035
5307,2.0431973934173584
5308,2.31501841545105
5309,2.184051990509033
5310,2.177466869354248
5311,2.1161272525787354
5312,2.171903610229492
5313,2.1549205780029297
5314,2.2436535358428955
5315,2.09745454788208
5316,2.1640665531158447
5317,2.2348995208740234
5318,2.406928300857544
5319,2.1744675636291504
5320,2.2614521980285645
5321,2.1510062217712402
5322,2.2205023765563965
5323,2.204585552215576
5324,2.326730966567993
5325,2.1646649837493896
5326,2.048922538757324
5327,2.132106304168701
5328,2.046415090560913
5329,2.2801716327667236
5330,2.2893874645233154
5331,2.1734819412231445
5332,2.244493246078491
5333,2.1658828258514404
5334,2.22196364402771
5335,2.2345547676086426
5336,2.349112033843994
5337,2.2609829902648926
5338,2.387465000152588
5339,2.230288505554199
5340,2.2391345500946045
5341,2.277592658996582
5342,2.273589849472046
5343,2.1167962551116943
5344,2.1063525676727295
5345,2.2885329723358154
5346,2.436375141143799
5347,2.18542218208313
5348,2.1417062282562256
5349,2.1119508743286133
5350,2.316222906112671
5351,2.1378960609436035
5352,2.0768635272979736
5353,2.099735975265503
5354,2.177961587905884
5355,2.2515554428100586
5356,2.0923140048980713
5357,2.1537363529205322
5358,2.336556911468506
5359,2.175631046295166
5360,2.177281618118286
5361,1.9770253896713257
5362,2.206106185913086
5363,2.254634141921997
5364,2.4582035541534424
5365,2.1079115867614746
5366,2.302521228790283
5367,2.184328079223633
5368,2.2093372344970703
5369,2.4287145137786865
5370,2.1307778358459473
5371,2.178131580352783
5372,2.2350332736968994
5373,2.300668239593506
5374,2.080502986907959
5375,2.1920785903930664
5376,2.1979665756225586
5377,2.217277765274048
5378,2.1757826805114746
5379,2.0169742107391357
5380,2.130445718765259
5381,2.161250114440918
5382,2.468395709991455
5383,2.043708086013794
5384,2.166585683822632
5385,2.355822801589966
5386,2.1634531021118164
5387,2.2264459133148193
5388,2.3495407104492188
5389,2.340451240539551
5390,1.9696179628372192
5391,2.3471627235412598
5392,2.274493455886841
5393,2.191124677658081
5394,2.2775635719299316
5395,2.182199716567993
5396,2.223397970199585
5397,2.14854097366333
5398,2.190042495727539
5399,2.229468822479248
5400,2.117337226867676
5401,2.1588587760925293
5402,2.253917694091797
5403,2.2548718452453613
5404,2.2659289836883545
5405,2.2788093090057373
5406,2.284668445587158
5407,2.3609743118286133
5408,2.3163678646087646
5409,2.257809638977051
5410,2.249753475189209
5411,2.3497369289398193
5412,2.418185234069824
5413,2.148848533630371
5414,2.193687915802002
5415,2.1257565021514893
5416,2.2286858558654785
5417,2.3078160285949707
5418,2.1896755695343018
5419,2.3000330924987793
5420,2.287544012069702
5421,2.2885560989379883
5422,2.198472499847412
5423,2.219407558441162
5424,2.2427127361297607
5425,2.3602938652038574
5426,2.27203631401062
5427,2.233991861343384
5428,2.064823627471924
5429,2.3776323795318604
5430,2.0529613494873047
5431,2.254880905151367
5432,2.2247846126556396
5433,2.1914732456207275
5434,2.207573652267456
5435,2.301814079284668
5436,2.2627341747283936
5437,2.065397262573242
5438,2.199805498123169
5439,2.061537265777588
5440,2.2300682067871094
5441,2.3103933334350586
5442,2.201385498046875
5443,2.3134593963623047
5444,2.273733377456665
5445,2.234367847442627
5446,2.146481513977051
5447,2.0548079013824463
5448,2.1406028270721436
5449,2.1943342685699463
5450,2.2303760051727295
5451,2.1317739486694336
5452,2.283442974090576
5453,2.4306468963623047
5454,2.3864946365356445
5455,2.1854143142700195
5456,2.2058398723602295
5457,2.354915142059326
5458,2.210226535797119
5459,2.1844863891601562
5460,2.0233266353607178
5461,2.210747003555298
5462,2.3228282928466797
5463,2.164158821105957
5464,2.1066582202911377
5465,2.20190167427063
5466,2.32609224319458
5467,2.295248508453369
5468,2.258983612060547
5469,2.313352346420288
5470,2.2639729976654053
5471,2.318559169769287
5472,2.376643657684326
5473,2.185166835784912
5474,2.143634796142578
5475,2.217097282409668
5476,2.1772067546844482
5477,2.360391139984131
5478,2.2253153324127197
5479,2.34582781791687
5480,2.2563607692718506
5481,2.3843586444854736
5482,2.3229453563690186
5483,2.1531295776367188
5484,2.2287092208862305
5485,2.256321668624878
5486,2.14654278755188
5487,2.294253349304199
5488,2.325331211090088
5489,2.0553743839263916
5490,2.1209723949432373
5491,2.104435682296753
5492,2.487494707107544
5493,2.1349494457244873
5494,2.0868422985076904
5495,2.1929337978363037
5496,2.332975387573242
5497,2.1821742057800293
5498,2.4266788959503174
5499,2.130899429321289
5500,2.1843323707580566
5501,2.2207796573638916
5502,2.3648629188537598
5503,2.3207223415374756
5504,2.167405605316162
5505,2.0480854511260986
5506,2.0995934009552
5507,2.079031467437744
5508,2.142747163772583
5509,2.240211009979248
5510,2.349335193634033
5511,2.2621030807495117
5512,2.379762649536133
5513,2.0793278217315674
5514,2.3096530437469482
5515,2.232056140899658
5516,2.241401433944702
5517,2.3210229873657227
5518,2.139483690261841
5519,2.2839441299438477
5520,2.229940414428711
5521,2.11555552482605
5522,2.2263290882110596
5523,2.1235153675079346
5524,2.214207172393799
5525,2.3737521171569824
5526,2.2082252502441406
5527,2.1433422565460205
5528,2.2355728149414062
5529,2.220518112182617
5530,2.406597137451172
5531,2.3301961421966553
5532,2.3515214920043945
5533,2.3518316745758057
5534,2.3511605262756348
5535,2.3182194232940674
5536,2.282379627227783
5537,2.0500028133392334
5538,2.013444423675537
5539,2.2735977172851562
5540,2.0600318908691406
5541,2.4019272327423096
5542,2.1082239151000977
5543,2.21120548248291
5544,2.245387554168701
5545,2.163215160369873
5546,2.0230154991149902
5547,2.182704448699951
5548,2.3221874237060547
5549,2.3000853061676025
5550,2.343266487121582
5551,2.194443702697754
5552,2.2716901302337646
5553,2.2040820121765137
5554,2.1598939895629883
5555,2.258530616760254
5556,2.111677885055542
5557,2.1499547958374023
5558,2.2246127128601074
5559,2.2725577354431152
5560,2.215384006500244
5561,2.374358892440796
5562,2.2996675968170166
5563,2.393984079360962
5564,2.142752170562744
5565,2.177556037902832
5566,2.3441615104675293
5567,2.097365140914917
5568,2.3611977100372314
5569,2.2862191200256348
5570,2.205650568008423
5571,2.1096270084381104
5572,2.1861002445220947
5573,2.349604368209839
5574,2.3391332626342773
5575,2.1146605014801025
5576,2.244936466217041
5577,2.409069061279297
5578,2.0927743911743164
5579,2.150947093963623
5580,2.0991477966308594
5581,2.36124849319458
5582,2.3746256828308105
5583,2.2491257190704346
5584,2.32076096534729
5585,2.3756871223449707
5586,2.0381221771240234
5587,2.243907928466797
5588,2.149136543273926
5589,2.1276440620422363
5590,2.2309317588806152
5591,2.547370672225952
5592,2.2735061645507812
5593,2.0860300064086914
5594,2.0148067474365234
5595,2.3535165786743164
5596,2.055671215057373
5597,2.0050711631774902
5598,2.320417642593384
5599,2.1524651050567627
5600,2.2189297676086426
5601,2.3364601135253906
5602,2.321572780609131
5603,2.2863497734069824
5604,2.165832042694092
5605,2.327162265777588
5606,2.21480131149292
5607,2.2920384407043457
5608,2.3605751991271973
5609,2.4216291904449463
5610,2.0950112342834473
5611,2.1315600872039795
5612,2.2112812995910645
5613,2.256197929382324
5614,2.151228189468384
5615,2.224809169769287
5616,2.2697949409484863
5617,2.360527515411377
5618,2.0146632194519043
5619,2.233036994934082
5620,2.195960521697998
5621,2.1971306800842285
5622,2.397080898284912
5623,2.326139450073242
5624,2.1843619346618652
5625,2.338292121887207
5626,2.326619863510132
5627,2.2150702476501465
5628,2.3591628074645996
5629,2.206101417541504
5630,2.3854100704193115
5631,1.9881091117858887
5632,2.4718995094299316
5633,2.349030017852783
5634,2.1270945072174072
5635,2.1948723793029785
5636,2.2510290145874023
5637,2.1517605781555176
5638,2.1608164310455322
5639,2.1999316215515137
5640,2.417635440826416
5641,2.157663106918335
5642,2.3904149532318115
5643,2.425504207611084
5644,2.1060357093811035
5645,2.152284860610962
5646,2.246950626373291
5647,2.2280595302581787
5648,2.244825839996338
5649,2.126439094543457
5650,2.2117340564727783
5651,2.0188660621643066
5652,2.2819619178771973
5653,2.5501480102539062
5654,2.1206889152526855
5655,2.262408494949341
5656,2.135809898376465
5657,2.277505397796631
5658,2.2057948112487793
5659,2.2125096321105957
5660,2.24074387550354
5661,2.1649582386016846
5662,2.2625479698181152
5663,2.2202224731445312
5664,2.4128544330596924
5665,2.313507080078125
5666,2.329139232635498
5667,2.071819543838501
5668,2.172551393508911
5669,2.1650843620300293
5670,2.1222143173217773
5671,2.4026780128479004
5672,2.0489301681518555
5673,2.266313314437866
5674,2.2584285736083984
5675,2.180063247680664
5676,2.20910906791687
5677,2.19785213470459
5678,2.1263577938079834
5679,2.0936176776885986
5680,2.4198641777038574
5681,2.153224468231201
5682,2.1633338928222656
5683,2.22721791267395
5684,2.175232172012329
5685,2.3479325771331787
5686,2.40508770942688
5687,2.2565412521362305
5688,2.444065570831299
5689,2.18241024017334
5690,2.1223340034484863
5691,2.123326539993286
5692,2.393159866333008
5693,2.1358797550201416
5694,2.220975399017334
5695,2.1541831493377686
5696,2.1321473121643066
5697,2.097417116165161
5698,2.1086978912353516
5699,2.331916093826294
5700,2.2630581855773926
5701,2.3177757263183594
5702,2.1994051933288574
5703,2.104740858078003
5704,2.2412004470825195
5705,2.1507444381713867
5706,2.157790422439575
5707,2.202319622039795
5708,2.353163719177246
5709,2.3803658485412598
5710,2.25579833984375
5711,2.4661641120910645
5712,2.5073046684265137
5713,2.244771957397461
5714,2.209756374359131
5715,2.168339967727661
5716,2.0575027465820312
5717,2.272416591644287
5718,2.5004594326019287
5719,2.289130926132202
5720,2.428412914276123
5721,2.3344173431396484
5722,2.165940999984741
5723,2.188293218612671
5724,2.1827712059020996
5725,2.2628440856933594
5726,2.274928569793701
5727,2.418602466583252
5728,2.2140212059020996
5729,2.172725200653076
5730,1.963465690612793
5731,2.4292547702789307
5732,2.236528158187866
5733,2.3391780853271484
5734,2.106851816177368
5735,2.3354361057281494
5736,2.0348522663116455
5737,2.4978115558624268
5738,2.1383378505706787
5739,2.1453588008880615
5740,2.0692715644836426
5741,2.199018716812134
5742,2.2433509826660156
5743,2.2191238403320312
5744,2.217905044555664
5745,2.250894069671631
5746,2.277068614959717
5747,2.2346549034118652
5748,2.1188724040985107
5749,2.278221607208252
5750,2.1671242713928223
5751,2.0855913162231445
5752,2.1362133026123047
5753,2.1970620155334473
5754,2.388218879699707
5755,2.2113962173461914
5756,2.2006232738494873
5757,2.18843412399292
5758,2.21867299079895
5759,2.2695038318634033
5760,2.167090892791748
5761,2.1590285301208496
5762,2.1416032314300537
5763,2.1566874980926514
5764,2.276211977005005
5765,2.0850255489349365
5766,2.10438871383667
5767,2.185741901397705
5768,2.281825542449951
5769,2.109668016433716
5770,2.38309383392334
5771,2.2910752296447754
5772,2.2035083770751953
5773,2.1051340103149414
5774,2.327929973602295
5775,2.3870303630828857
5776,2.105774402618408
5777,2.23966121673584
5778,2.2533912658691406
5779,2.2177398204803467
5780,2.06603741645813
5781,2.190297842025757
5782,2.200413465499878
5783,2.137505054473877
5784,2.25041127204895
5785,2.2721171379089355
5786,2.0793657302856445
5787,2.26165771484375
5788,2.3485171794891357
5789,2.105003595352173
5790,2.333691120147705
5791,2.3109424114227295
5792,2.117549419403076
5793,2.311884880065918
5794,2.2713894844055176
5795,2.4575202465057373
5796,2.5538370609283447
5797,2.2973666191101074
5798,2.361835479736328
5799,2.0575039386749268
5800,2.3925929069519043
5801,2.2874999046325684
5802,2.1204841136932373
5803,2.4758639335632324
5804,2.322502851486206
5805,2.4785447120666504
5806,2.315941333770752
5807,2.3070242404937744
5808,2.4965620040893555
5809,2.2661314010620117
5810,2.3869800567626953
5811,2.358045816421509
5812,2.2219526767730713
5813,2.342733144760132
5814,2.2704343795776367
5815,2.143416404724121
5816,2.267303466796875
5817,2.3269240856170654
5818,2.2817022800445557
5819,2.292513132095337
5820,2.3014638423919678
5821,2.2802493572235107
5822,2.185213327407837
5823,2.395806312561035
5824,2.238342523574829
5825,2.245253562927246
5826,2.238335609436035
5827,2.2708513736724854
5828,2.348942756652832
5829,2.2612714767456055
5830,2.578852653503418
5831,2.3627841472625732
5832,2.3117470741271973
5833,2.280848264694214
5834,2.346661329269409
5835,2.3803255558013916
5836,2.0067076683044434
5837,2.226180076599121
5838,2.113766670227051
5839,2.2124249935150146
5840,2.1515045166015625
5841,2.1450486183166504
5842,2.0546112060546875
5843,2.2961041927337646
5844,2.3059685230255127
5845,2.2253305912017822
5846,2.54190993309021
5847,2.1855006217956543
5848,2.1397457122802734
5849,2.3253087997436523
5850,2.054436683654785
5851,2.2465028762817383
5852,2.2276065349578857
5853,2.3618435859680176
5854,2.1587772369384766
5855,2.1952219009399414
5856,2.157987117767334
5857,2.162590503692627
5858,2.1880459785461426
5859,2.2511117458343506
5860,2.3487889766693115
5861,2.2397522926330566
5862,2.200103998184204
5863,2.3078885078430176
5864,2.2673916816711426
5865,2.448631763458252
5866,2.0879733562469482
5867,2.1448352336883545
5868,2.095327138900757
5869,2.2825565338134766
5870,2.1353542804718018
5871,2.0932345390319824
5872,2.10598087310791
5873,2.327850341796875
5874,2.4047439098358154
5875,2.3152475357055664
5876,2.1678810119628906
5877,2.277770757675171
5878,2.3670804500579834
5879,2.261073112487793
5880,2.073974609375
5881,2.2128658294677734
5882,2.1169981956481934
5883,2.1954829692840576
5884,2.2488272190093994
5885,2.3894991874694824
5886,2.3218350410461426
5887,2.240694761276245
5888,2.1904444694519043
5889,2.158633232116699
5890,2.3131051063537598
5891,2.212963342666626
5892,2.317307472229004
5893,2.2814218997955322
5894,2.356616258621216
5895,2.1234474182128906
5896,2.2445733547210693
5897,2.263834238052368
5898,2.350100040435791
5899,2.1337122917175293
5900,2.0659706592559814
5901,2.201869249343872
5902,2.350799798965454
5903,2.326667070388794
5904,2.1522293090820312
5905,2.2211804389953613
5906,2.203887462615967
5907,2.2349979877471924
5908,2.144744396209717
5909,2.235839366912842
5910,2.1095211505889893
5911,2.2548911571502686
5912,2.2653908729553223
5913,2.380882501602173
5914,2.105026960372925
5915,2.159635066986084
5916,2.272554874420166
5917,2.050872564315796
5918,2.2030375003814697
5919,2.295541286468506
5920,2.222456455230713
5921,2.2810251712799072
5922,2.1503560543060303
5923,2.0753369331359863
5924,2.1655852794647217
5925,2.3566946983337402
5926,2.222191095352173
5927,2.114250898361206
5928,2.1795132160186768
5929,2.347787618637085
5930,2.3573718070983887
5931,2.230111598968506
5932,2.289384126663208
5933,2.227501153945923
5934,2.2860915660858154
5935,2.2374844551086426
5936,2.1382181644439697
5937,2.2677245140075684
5938,2.286609649658203
5939,2.1830804347991943
5940,2.184117555618286
5941,2.140810489654541
5942,2.270174503326416
5943,2.3930463790893555
5944,2.518359661102295
5945,2.3445382118225098
5946,2.197303056716919
5947,2.1882736682891846
5948,2.0407443046569824
5949,2.3516969680786133
5950,2.2936673164367676
5951,2.2187209129333496
5952,2.2273006439208984
5953,2.095679521560669
5954,2.1727495193481445
5955,2.1178245544433594
5956,2.091122627258301
5957,2.2108967304229736
5958,2.564857006072998
5959,2.2708699703216553
5960,2.190220832824707
5961,2.3128976821899414
5962,2.1607306003570557
5963,2.3272924423217773
5964,2.5754611492156982
5965,2.306065797805786
5966,2.1402463912963867
5967,2.282008647918701
5968,2.3194942474365234
5969,2.242603302001953
5970,2.182939052581787
5971,2.3516197204589844
5972,2.195734977722168
5973,2.179734706878662
5974,2.3295814990997314
5975,2.4096012115478516
5976,2.176137924194336
5977,2.2467331886291504
5978,2.2517406940460205
5979,2.2132017612457275
5980,2.3001322746276855
5981,2.060816526412964
5982,2.1887636184692383
5983,2.2046315670013428
5984,2.125037431716919
5985,2.3723249435424805
5986,2.1786811351776123
5987,2.1799960136413574
5988,2.278095006942749
5989,2.353266477584839
5990,2.0997626781463623
5991,2.286163806915283
5992,2.4543962478637695
5993,2.2706658840179443
5994,2.086127996444702
5995,2.169522762298584
5996,2.263974666595459
5997,2.2762506008148193
5998,2.1473326683044434
5999,2.187243700027466
6000,2.1357364654541016
